query_id,doc_id,relevance,reason,evidence,url,checked_by
D01,pathlib.Path.read_text,1,Метод возвращает декодированный текст и закрывает открытый файл.,Return the decoded contents of the pointed-to file as a string:,https://docs.python.org/3.13/library/pathlib.html#pathlib.Path.read_text,Codex: content review before retrieval 
D02,re.findall,1,Описаны список совпадений и вариант для скомпилированного шаблона.,"Return all non-overlapping matches of pattern in string , as a list of strings or tuples. The string is scanned left-to-right, and matches are returned in the order found. Empty matches are included in the result.",https://docs.python.org/3.13/library/re.html#re.findall,Codex: content review before retrieval 
D02,re.Pattern.findall,1,Описаны список совпадений и вариант для скомпилированного шаблона.,"Similar to the findall() function, using the compiled pattern, but also accepts optional pos and endpos parameters that limit the search region like for search() .",https://docs.python.org/3.13/library/re.html#re.Pattern.findall,Codex: content review before retrieval 
D03,json.dumps,1,Запрошена конкретная функция сериализации в строку.,Serialize obj to a JSON formatted str using this conversion table . The arguments have the same meaning as in dump() .,https://docs.python.org/3.13/library/json.html#json.dumps,Codex: content review before retrieval 
D04,shutil.copy2,1,copy2 копирует данные и пытается сохранить метаданные; copystat не копирует содержимое.,Identical to copy() except that copy2() also attempts to preserve file metadata.,https://docs.python.org/3.13/library/shutil.html#shutil.copy2,Codex: content review before retrieval 
D05,itertools.product,1,Документ описывает декартово произведение и аргумент repeat.,Cartesian product of the input iterables.,https://docs.python.org/3.13/library/itertools.html#itertools.product,Codex: content review before retrieval 
D06,collections.Counter.most_common,1,Метод возвращает элементы вместе с частотами в порядке убывания; общий Counter не описывает сортировку.,"Return a list of the n most common elements and their counts from the most common to the least. If n is omitted or None , most_common() returns all elements in the counter. Elements with equal counts are ordered in the order first encountered:",https://docs.python.org/3.13/library/collections.html#collections.Counter.most_common,Codex: content review before retrieval 
D07,concurrent.futures.ProcessPoolExecutor,1,Параметр max_tasks_per_child ограничивает число задач на процесс.,"max_tasks_per_child is an optional argument that specifies the maximum number of tasks a single process can execute before it will exit and be replaced with a fresh worker process. By default max_tasks_per_child is None which means worker processes will live as long as the pool. When a max is specified, the “spawn” multiprocessing start method will be used by default in absence of a mp_context parameter. This feature is incompatible with the “fork” start method.",https://docs.python.org/3.13/library/concurrent.futures.html#concurrent.futures.ProcessPoolExecutor,Codex: content review before retrieval 
D08,contextlib.closing,1,"closing вызывает close при выходе из блока, в том числе при исключении.",Return a context manager that closes thing upon completion of the block. This is basically equivalent to:,https://docs.python.org/3.13/library/contextlib.html#contextlib.closing,Codex: content review before retrieval 
D09,functools.partial,1,Частичное применение фиксирует часть позиционных и именованных аргументов.,"Return a new partial object which when called will behave like func called with the positional arguments args and keyword arguments keywords . If more arguments are supplied to the call, they are appended to args . If additional keyword arguments are supplied, they extend and override keywords . Roughly equivalent to:",https://docs.python.org/3.13/library/functools.html#functools.partial,Codex: content review before retrieval 
D10,csv.Sniffer,1,"Класс распознаёт формат CSV, а sniff возвращает диалект по образцу.",The Sniffer class is used to deduce the format of a CSV file.,https://docs.python.org/3.13/library/csv.html#csv.Sniffer,Codex: content review before retrieval 
D10,csv.Sniffer.sniff,1,"Класс распознаёт формат CSV, а sniff возвращает диалект по образцу.","Analyze the given sample and return a Dialect subclass reflecting the parameters found. If the optional delimiters parameter is given, it is interpreted as a string containing possible valid delimiter characters.",https://docs.python.org/3.13/library/csv.html#csv.Sniffer.sniff,Codex: content review before retrieval 
Q01,functools.lru_cache,1,Документ объясняет оба указанных параметра.,Decorator to wrap a function with a memoizing callable that saves up to the maxsize most recent calls. It can save time when an expensive or I/O bound function is periodically called with the same arguments.,https://docs.python.org/3.13/library/functools.html#functools.lru_cache,Codex: content review before retrieval 
Q02,functools.cache,1,Оба декоратора сохраняют результаты вызова по аргументам; cached_property работает со свойством экземпляра.,Simple lightweight unbounded function cache. Sometimes called “memoize” .,https://docs.python.org/3.13/library/functools.html#functools.cache,Codex: content review before retrieval 
Q02,functools.lru_cache,1,Оба декоратора сохраняют результаты вызова по аргументам; cached_property работает со свойством экземпляра.,Decorator to wrap a function with a memoizing callable that saves up to the maxsize most recent calls. It can save time when an expensive or I/O bound function is periodically called with the same arguments.,https://docs.python.org/3.13/library/functools.html#functools.lru_cache,Codex: content review before retrieval 
Q03,contextlib.contextmanager,1,Декоратор создаёт менеджер контекста из генератора с yield.,"This function is a decorator that can be used to define a factory function for with statement context managers, without needing to create a class or separate __enter__() and __exit__() methods.",https://docs.python.org/3.13/library/contextlib.html#contextlib.contextmanager,Codex: content review before retrieval 
Q04,tempfile.TemporaryDirectory,1,Каталог и его содержимое удаляются при выходе из контекста.,"This class securely creates a temporary directory using the same rules as mkdtemp() . The resulting object can be used as a context manager (see Examples ). On completion of the context or destruction of the temporary directory object, the newly created temporary directory and all its contents are removed from the filesystem.",https://docs.python.org/3.13/library/tempfile.html#tempfile.TemporaryDirectory,Codex: content review before retrieval 
Q05,itertools.batched,1,batched лениво собирает элементы в кортежи заданной длины.,Batch data from the iterable into tuples of length n . The last batch may be shorter than n .,https://docs.python.org/3.13/library/itertools.html#itertools.batched,Codex: content review before retrieval 
Q06,itertools.pairwise,1,Нужны последовательные перекрывающиеся пары соседних элементов.,Return successive overlapping pairs taken from the input iterable .,https://docs.python.org/3.13/library/itertools.html#itertools.pairwise,Codex: content review before retrieval 
Q07,itertools.chain,1,Оба API последовательно обходят входные итераторы без материализации общего списка.,"Make an iterator that returns elements from the first iterable until it is exhausted, then proceeds to the next iterable, until all of the iterables are exhausted. This combines multiple data sources into a single iterator. Roughly equivalent to:",https://docs.python.org/3.13/library/itertools.html#itertools.chain,Codex: content review before retrieval 
Q07,itertools.chain.from_iterable,1,Оба API последовательно обходят входные итераторы без материализации общего списка.,Alternate constructor for chain() . Gets chained inputs from a single iterable argument that is evaluated lazily. Roughly equivalent to:,https://docs.python.org/3.13/library/itertools.html#itertools.chain.from_iterable,Codex: content review before retrieval 
Q08,itertools.islice,1,islice выбирает диапазон позиций из итератора.,"Make an iterator that returns selected elements from the iterable. Works like sequence slicing but does not support negative values for start , stop , or step .",https://docs.python.org/3.13/library/itertools.html#itertools.islice,Codex: content review before retrieval 
Q09,json.dump,1,Нужна конкретная функция dump для объекта с методом write.,Serialize obj as a JSON formatted stream to fp (a .write() -supporting file-like object ) using this Python-to-JSON conversion table .,https://docs.python.org/3.13/library/json.html#json.dump,Codex: content review before retrieval 
Q10,json.load,1,Нужна конкретная функция load для объекта с методом read.,Deserialize fp to a Python object using the JSON-to-Python conversion table .,https://docs.python.org/3.13/library/json.html#json.load,Codex: content review before retrieval 
Q11,csv.DictReader,1,DictReader связывает поля каждой строки с названиями столбцов.,Create an object that operates like a regular reader but maps the information in each row to a dict whose keys are given by the optional fieldnames parameter.,https://docs.python.org/3.13/library/csv.html#csv.DictReader,Codex: content review before retrieval 
Q12,pathlib.Path.glob,1,rglob выполняет рекурсивный поиск; glob с **/*.py даёт ту же операцию.,"Glob the given relative pattern in the directory represented by this path, yielding all matching files (of any kind):",https://docs.python.org/3.13/library/pathlib.html#pathlib.Path.glob,Codex: content review before retrieval 
Q12,pathlib.Path.rglob,1,rglob выполняет рекурсивный поиск; glob с **/*.py даёт ту же операцию.,Glob the given relative pattern recursively. This is like calling Path.glob() with “ **/ ” added in front of the pattern .,https://docs.python.org/3.13/library/pathlib.html#pathlib.Path.rglob,Codex: content review before retrieval 
Q13,pathlib.Path.mkdir,1,Метод описывает оба флага создания каталога.,"Create a new directory at this given path. If mode is given, it is combined with the process’s umask value to determine the file mode and access flags. If the path already exists, FileExistsError is raised.",https://docs.python.org/3.13/library/pathlib.html#pathlib.Path.mkdir,Codex: content review before retrieval 
Q14,shutil.rmtree,1,Нужен указанный API рекурсивного удаления.,"Delete an entire directory tree; path must point to a directory (but not a symbolic link to a directory). If ignore_errors is true, errors resulting from failed removals will be ignored; if false or omitted, such errors are handled by calling a handler specified by onexc or onerror or, if both are omitted, exceptions are propagated to the caller.",https://docs.python.org/3.13/library/shutil.html#shutil.rmtree,Codex: content review before retrieval 
Q15,shutil.which,1,which ищет исполняемый файл по правилам PATH.,"Return the path to an executable which would be run if the given cmd was called. If no cmd would be called, return None .",https://docs.python.org/3.13/library/shutil.html#shutil.which,Codex: content review before retrieval 
Q16,tempfile.SpooledTemporaryFile,1,Данные хранятся в памяти до превышения max_size; после этого используется диск.,"This class operates exactly as TemporaryFile() does, except that data is spooled in memory until the file size exceeds max_size , or until the file’s fileno() method is called, at which point the contents are written to disk and operation proceeds as with TemporaryFile() .",https://docs.python.org/3.13/library/tempfile.html#tempfile.SpooledTemporaryFile,Codex: content review before retrieval 
Q17,subprocess.run,1,Документ описывает захват stdout/stderr и исключение при ненулевом коде возврата.,"Run the command described by args . Wait for command to complete, then return a CompletedProcess instance.",https://docs.python.org/3.13/library/subprocess.html#subprocess.run,Codex: content review before retrieval 
Q18,concurrent.futures.as_completed,1,Итератор выдаёт Future по мере завершения; Executor.map сохраняет порядок входа.,"Returns an iterator over the Future instances (possibly created by different Executor instances) given by fs that yields futures as they complete (finished or cancelled futures). Any futures given by fs that are duplicated will be returned once. Any futures that completed before as_completed() is called will be yielded first. The returned iterator raises a TimeoutError if __next__() is called and the result isn’t available after timeout seconds from the original call to as_completed() . timeout can be an int or float. If timeout is not specified or None , there is no limit to the wait time.",https://docs.python.org/3.13/library/concurrent.futures.html#concurrent.futures.as_completed,Codex: content review before retrieval 
Q19,contextlib.ExitStack,1,В обоих документах есть пример группы файлов с освобождением уже открытых при ошибке.,"A context manager that is designed to make it easy to programmatically combine other context managers and cleanup functions, especially those that are optional or otherwise driven by input data.",https://docs.python.org/3.13/library/contextlib.html#contextlib.ExitStack,Codex: content review before retrieval 
Q19,contextlib.ExitStack.pop_all,1,В обоих документах есть пример группы файлов с освобождением уже открытых при ошибке.,"with ExitStack () as stack : files = [ stack . enter_context ( open ( fname )) for fname in filenames ] # Hold onto the close method, but don't call it yet. close_files = stack . pop_all () . close # If opening any file fails, all previously opened files will be # closed automatically. If all files are opened successfully, # they will remain open even after the with statement ends. # close_files() can then be invoked explicitly to close them all.",https://docs.python.org/3.13/library/contextlib.html#contextlib.ExitStack.pop_all,Codex: content review before retrieval 
Q20,re.fullmatch,1,fullmatch проверяет строку целиком; search и match не гарантируют этого.,"If the whole string matches the regular expression pattern , return a corresponding Match . Return None if the string does not match the pattern; note that this is different from a zero-length match.",https://docs.python.org/3.13/library/re.html#re.fullmatch,Codex: content review before retrieval 
Q20,re.Pattern.fullmatch,1,fullmatch проверяет строку целиком; search и match не гарантируют этого.,"If the whole string matches this regular expression, return a corresponding Match . Return None if the string does not match the pattern; note that this is different from a zero-length match.",https://docs.python.org/3.13/library/re.html#re.Pattern.fullmatch,Codex: content review before retrieval 
Q21,re.escape,1,escape экранирует метасимволы перед использованием в регулярном выражении.,Escape special characters in pattern . This is useful if you want to match an arbitrary literal string that may have regular expression metacharacters in it. For example:,https://docs.python.org/3.13/library/re.html#re.escape,Codex: content review before retrieval 
Q22,contextlib.suppress,1,suppress подавляет только явно перечисленные исключения.,Return a context manager that suppresses any of the specified exceptions if they occur in the body of a with statement and then resumes execution with the first statement following the end of the with statement.,https://docs.python.org/3.13/library/contextlib.html#contextlib.suppress,Codex: content review before retrieval 
Q23,functools.wraps,1,Оба API переносят метаданные исходной функции на обёртку.,"This is a convenience function for invoking update_wrapper() as a function decorator when defining a wrapper function. It is equivalent to partial(update_wrapper, wrapped=wrapped, assigned=assigned, updated=updated) . For example:",https://docs.python.org/3.13/library/functools.html#functools.wraps,Codex: content review before retrieval 
Q23,functools.update_wrapper,1,Оба API переносят метаданные исходной функции на обёртку.,"Update a wrapper function to look like the wrapped function. The optional arguments are tuples to specify which attributes of the original function are assigned directly to the matching attributes on the wrapper function and which attributes of the wrapper function are updated with the corresponding attributes from the original function. The default values for these arguments are the module level constants WRAPPER_ASSIGNMENTS (which assigns to the wrapper function’s __module__ , __name__ , __qualname__ , __annotations__ , __type_params__ , and __doc__ , the documentation string) and WRAPPER_UPDATES (which updates the wrapper function’s __dict__ , i.e. the instance dictionary).",https://docs.python.org/3.13/library/functools.html#functools.update_wrapper,Codex: content review before retrieval 
Q24,collections.defaultdict.__missing__,1,Документ различает вызовы __getitem__ и get и объясняет default_factory.,"If default_factory is not None , it is called without arguments to provide a default value for the given key , this value is inserted in the dictionary for the key , and returned. Note that __missing__() is not called for any operations besides __getitem__() . This means that get() will, like normal dictionaries, return None as a default rather than using default_factory .",https://docs.python.org/3.13/library/collections.html#collections.defaultdict.__missing__,Codex: content review before retrieval 
