repeat,build_s,train_s,add_s,M,efConstruction
0,0.01974237499962328,2.125001628883183e-06,0.01955404199907207,8,40
1,0.018526458999986062,1.5000005078036338e-06,0.018456417001289083,8,40
2,0.017938665998372016,1.4170000213198364e-06,0.01787216599768726,8,40
0,0.03583387500111712,1.4159995771478862e-06,0.035771958999248454,8,100
1,0.03595816599772661,1.2920027074869722e-06,0.035889332997612655,8,100
2,0.03597054199781269,1.3749995559919626e-06,0.03591550000055577,8,100
0,0.016345625001122244,1.5000005078036338e-06,0.016289750001305947,16,40
1,0.016333250001480337,1.1659976735245436e-06,0.016278250001050765,16,40
2,0.016271708998829126,1.5000005078036338e-06,0.016202458999032388,16,40
0,0.03306291600165423,1.5839978004805744e-06,0.033002791002218146,16,100
1,0.033097957999416394,1.2080017768312246e-06,0.03304316699723131,16,100
2,0.032986166999762645,1.4159995771478862e-06,0.032933958998910384,16,100
0,0.024183875000744592,1.167001755675301e-06,0.024124415998812765,32,40
1,0.023662749998038635,1.5000005078036338e-06,0.02360904200031655,32,40
2,0.023698625001998153,1.6670019249431789e-06,0.02363054200031911,32,40
0,0.035098042000754504,1.7089987522922456e-06,0.03500933300165343,32,100
1,0.0346504159970209,1.3329990906640887e-06,0.034582374999445165,32,100
2,0.03452220799954375,1.5000005078036338e-06,0.034463707997929305,32,100
