label,round,us_per_query
Flat,0,42.08211764705882
Flat,1,41.15929411764706
Flat,2,42.414205882352945
Flat,3,42.09438235294118
Flat,4,41.20711764705882
Flat,5,40.81985294117647
Flat,6,40.775735294117645
Flat,7,40.50979411764706
Flat,8,40.49511764705883
Flat,9,41.20711764705882
Flat,10,40.47794117647059
NumPy,0,44.48038235294118
NumPy,1,43.43014705882353
NumPy,2,44.68014705882353
NumPy,3,43.69117647058823
NumPy,4,43.046558823529416
NumPy,5,42.61644117647059
NumPy,6,42.83702941176471
NumPy,7,43.148264705882355
NumPy,8,44.16544117647059
NumPy,9,43.25491176470588
NumPy,10,42.57105882352941
HNSW_ef1,0,5.0661764705882355
HNSW_ef1,1,4.821088235294118
HNSW_ef1,2,4.783088235294118
HNSW_ef1,3,4.769617647058824
HNSW_ef1,4,4.781852941176471
HNSW_ef1,5,4.8688529411764705
HNSW_ef1,6,4.738970588235294
HNSW_ef1,7,4.726705882352941
HNSW_ef1,8,4.730382352941176
HNSW_ef1,9,4.7450882352941175
HNSW_ef1,10,4.734058823529412
HNSW_ef2,0,6.290441176470588
HNSW_ef2,1,5.894617647058824
HNSW_ef2,2,6.050264705882353
HNSW_ef2,3,6.3725588235294115
HNSW_ef2,4,5.765911764705883
HNSW_ef2,5,5.75
HNSW_ef2,6,5.729176470588236
HNSW_ef2,7,5.960764705882353
HNSW_ef2,8,5.710794117647059
HNSW_ef2,9,5.742647058823529
HNSW_ef2,10,5.731617647058823
HNSW_ef4,0,7.694852941176471
HNSW_ef4,1,7.3088235294117645
HNSW_ef4,2,7.137264705882353
HNSW_ef4,3,7.1299117647058825
HNSW_ef4,4,7.0760000000000005
HNSW_ef4,5,7.053941176470588
HNSW_ef4,6,7.2450882352941175
HNSW_ef4,7,7.5453529411764695
HNSW_ef4,8,7.258588235294118
HNSW_ef4,9,7.018382352941177
HNSW_ef4,10,6.987735294117647
HNSW_ef8,0,10.21935294117647
HNSW_ef8,1,9.569852941176471
HNSW_ef8,2,9.612735294117648
HNSW_ef8,3,9.62008823529412
HNSW_ef8,4,9.561294117647058
HNSW_ef8,5,9.354176470588234
HNSW_ef8,6,9.251235294117647
HNSW_ef8,7,9.284323529411765
HNSW_ef8,8,9.495117647058823
HNSW_ef8,9,9.451
HNSW_ef8,10,9.677676470588235
HNSW_ef12,0,12.917882352941177
HNSW_ef12,1,12.39214705882353
HNSW_ef12,2,11.971823529411765
HNSW_ef12,3,11.898294117647058
HNSW_ef12,4,12.087000000000002
HNSW_ef12,5,11.496323529411764
HNSW_ef12,6,11.609058823529413
HNSW_ef12,7,11.585794117647058
HNSW_ef12,8,11.6875
HNSW_ef12,9,11.587000000000002
HNSW_ef12,10,11.651941176470588
HNSW_ef16,0,15.487764705882352
HNSW_ef16,1,14.773294117647058
HNSW_ef16,2,15.654411764705882
HNSW_ef16,3,14.373794117647058
HNSW_ef16,4,14.563735294117647
HNSW_ef16,5,14.411764705882353
HNSW_ef16,6,14.447323529411765
HNSW_ef16,7,14.116411764705884
HNSW_ef16,8,14.290441176470589
HNSW_ef16,9,14.486529411764705
HNSW_ef16,10,14.37991176470588
HNSW_ef24,0,20.720588235294116
HNSW_ef24,1,20.23405882352941
HNSW_ef24,2,20.089470588235294
HNSW_ef24,3,19.745117647058823
HNSW_ef24,4,20.48285294117647
HNSW_ef24,5,19.769617647058823
HNSW_ef24,6,19.97179411764706
HNSW_ef24,7,20.237735294117645
HNSW_ef24,8,20.131117647058822
HNSW_ef24,9,20.502441176470587
HNSW_ef24,10,19.83944117647059
HNSW_ef32,0,26.59314705882353
HNSW_ef32,1,26.37379411764706
HNSW_ef32,2,26.753676470588236
HNSW_ef32,3,25.839470588235294
HNSW_ef32,4,25.413
HNSW_ef32,5,25.94485294117647
HNSW_ef32,6,25.419117647058822
HNSW_ef32,7,25.25982352941176
HNSW_ef32,8,25.88235294117647
HNSW_ef32,9,25.397058823529413
HNSW_ef32,10,25.57844117647059
HNSW_ef64,0,49.93994117647059
HNSW_ef64,1,49.79288235294118
HNSW_ef64,2,49.30270588235294
HNSW_ef64,3,49.15194117647059
HNSW_ef64,4,49.593147058823526
HNSW_ef64,5,50.00979411764706
HNSW_ef64,6,49.48529411764706
HNSW_ef64,7,48.81985294117647
HNSW_ef64,8,50.093147058823526
HNSW_ef64,9,49.19976470588235
HNSW_ef64,10,50.56373529411764
HNSW_ef128,0,96.73161764705883
HNSW_ef128,1,96.84802941176471
HNSW_ef128,2,96.60173529411765
HNSW_ef128,3,95.25123529411765
HNSW_ef128,4,95.95708823529412
HNSW_ef128,5,100.21691176470588
HNSW_ef128,6,95.61517647058824
HNSW_ef128,7,95.47673529411765
HNSW_ef128,8,95.47673529411765
HNSW_ef128,9,95.35170588235295
HNSW_ef128,10,95.08088235294117
HNSW_ef256,0,190.3186176470588
HNSW_ef256,1,190.68994117647057
HNSW_ef256,2,190.26223529411766
HNSW_ef256,3,190.75120588235293
HNSW_ef256,4,190.29288235294118
HNSW_ef256,5,190.0735294117647
HNSW_ef256,6,190.2316176470588
HNSW_ef256,7,190.68505882352943
HNSW_ef256,8,190.3308823529412
HNSW_ef256,9,189.92279411764707
HNSW_ef256,10,190.5514705882353
IVF4_p1,0,16.52329411764706
IVF4_p1,1,15.936264705882351
IVF4_p1,2,16.493882352941178
IVF4_p1,3,15.935058823529413
IVF4_p1,4,15.462029411764703
IVF4_p1,5,16.28555882352941
IVF4_p1,6,15.482852941176471
IVF4_p1,7,15.387264705882354
IVF4_p1,8,15.639705882352942
IVF4_p1,9,15.783088235294118
IVF4_p1,10,15.387264705882354
IVF4_p2,0,28.310029411764706
IVF4_p2,1,28.1875
IVF4_p2,2,28.080882352941178
IVF4_p2,3,27.997558823529413
IVF4_p2,4,27.954676470588232
IVF4_p2,5,27.977941176470587
IVF4_p2,6,27.99264705882353
IVF4_p2,7,27.980382352941177
IVF4_p2,8,27.948529411764707
IVF4_p2,9,27.948529411764707
IVF4_p2,10,28.020823529411764
IVF4_p4,0,53.11517647058823
IVF4_p4,1,53.32967647058824
IVF4_p4,2,53.17279411764706
IVF4_p4,3,53.30391176470589
IVF4_p4,4,55.32476470588235
IVF4_p4,5,53.13235294117647
IVF4_p4,6,53.14705882352941
IVF4_p4,7,53.125
IVF4_p4,8,53.06864705882353
IVF4_p4,9,53.210794117647055
IVF4_p4,10,52.85294117647059
IVF8_p1,0,9.323529411764707
IVF8_p1,1,9.029411764705882
IVF8_p1,2,8.948529411764707
IVF8_p1,3,8.829676470588236
IVF8_p1,4,9.026970588235294
IVF8_p1,5,9.008588235294116
IVF8_p1,6,8.764705882352942
IVF8_p1,7,8.729147058823528
IVF8_p1,8,8.689970588235294
IVF8_p1,9,8.718117647058824
IVF8_p1,10,8.752441176470589
IVF8_p2,0,15.920352941176471
IVF8_p2,1,15.900735294117647
IVF8_p2,2,15.988970588235293
IVF8_p2,3,15.659323529411765
IVF8_p2,4,15.703441176470589
IVF8_p2,5,15.89829411764706
IVF8_p2,6,15.615205882352942
IVF8_p2,7,15.585764705882355
IVF8_p2,8,15.792882352941175
IVF8_p2,9,15.599264705882353
IVF8_p2,10,16.058823529411764
IVF8_p4,0,28.806382352941178
IVF8_p4,1,28.60785294117647
IVF8_p4,2,28.496323529411764
IVF8_p4,3,28.43873529411765
IVF8_p4,4,28.443617647058822
IVF8_p4,5,28.38235294117647
IVF8_p4,6,28.393382352941178
IVF8_p4,7,28.404411764705884
IVF8_p4,8,28.279411764705884
IVF8_p4,9,28.40073529411765
IVF8_p4,10,28.389705882352942
IVF8_p8,0,52.800264705882356
IVF8_p8,1,52.77085294117647
IVF8_p8,2,52.62867647058823
IVF8_p8,3,52.723029411764706
IVF8_p8,4,52.61888235294117
IVF8_p8,5,52.55638235294117
IVF8_p8,6,52.3639705882353
IVF8_p8,7,52.61641176470589
IVF8_p8,8,52.589470588235294
IVF8_p8,9,52.531852941176474
IVF8_p8,10,52.55270588235294
