repeat,build_s,train_s,add_s,index
0,0.003663125000457512,0.0032460830007039476,0.0002876250000554137,IVF_4
1,0.0034356249998381827,0.0031584999996994156,0.00021112499962328002,IVF_4
2,0.0034629590008989908,0.003180833999067545,0.0002280000007885974,IVF_4
0,0.0038475000001199078,0.0035606669989647344,0.0002358330020797439,IVF_8
1,0.0038799169997218996,0.003554499999154359,0.0002689579996513203,IVF_8
2,0.0038372080016415566,0.003550000001268927,0.00023429100110661238,IVF_8
0,0.00028420800299500115,1.9499999325489625e-05,0.00017791600112104788,Flat
1,0.00012566599980345927,2.750002749962732e-06,5.508299727807753e-05,Flat
2,8.879199958755635e-05,2.5419976736884564e-06,5.3625000873580575e-05,Flat
0,0.03374191699913354,3.749999450519681e-06,0.033488249999209074,HNSW
1,0.0330769579995831,2.3749998945277184e-06,0.03297387500060722,HNSW
2,0.033181709000928095,1.4579964044969529e-06,0.03313270900252974,HNSW
