label,family,build_s,train_s,add_s,index_MiB,dev_recall,test_recall,test_ci_low,test_ci_high,test_min_recall,test_fraction_ge_target,missing_slots,search_us,p50_us,p95_us,round_low_us,round_high_us,dev_us,test_us,batch_us_per_query,efSearch,M,efConstruction,nlist,nprobe
Flat,Flat,0.00012566599980345927,2.750002749962732e-06,5.508299727807753e-05,0.6299257278442383,1.0,1.0,1.0,1.0,1.0,1.0,0,57.6225294117647,57.208,63.82314999999999,57.34438235294118,58.393499999999996,57.0375,57.80895833333333,41.15929411764706,,,,,
NumPy,NumPy,0.0,0.0,0.0,0.6298828125,1.0,1.0,1.0,1.0,1.0,1.0,0,495.14938235294125,495.27099999999996,514.25,492.95588235294116,496.90429411764705,494.479,495.34024999999997,43.25491176470588,,,,,
HNSW_ef1,HNSW,0.033181709000928095,2.3749998945277184e-06,0.03313270900252974,0.6894855499267578,0.5700000000000001,0.5,0.3875,0.6124999999999999,0.0,0.0,0,9.502558823529412,9.209,11.847699999999998,9.284264705882354,9.643411764705881,9.304,9.439208333333333,4.769617647058824,1.0,16.0,100.0,,
HNSW_ef2,HNSW,0.033181709000928095,2.3749998945277184e-06,0.03313270900252974,0.6894855499267578,0.7,0.6708333333333334,0.5833333333333334,0.7541666666666668,0.2,0.0,0,10.591823529411766,10.229,13.487399999999997,10.356647058823528,10.944882352941177,10.245999999999999,10.713375,5.765911764705883,2.0,16.0,100.0,,
HNSW_ef4,HNSW,0.033181709000928095,2.3749998945277184e-06,0.03313270900252974,0.6894855499267578,0.8400000000000001,0.7958333333333334,0.7000000000000001,0.875,0.2,0.20833333333333334,0,12.03314705882353,11.8335,15.487049999999998,11.856676470588235,13.197235294117647,11.8836,12.159666666666666,7.137264705882353,4.0,16.0,100.0,,
HNSW_ef8,HNSW,0.033181709000928095,2.3749998945277184e-06,0.03313270900252974,0.6894855499267578,0.93,0.9,0.85,0.9416666666666668,0.5,0.375,0,14.394676470588236,13.959,17.363049999999998,14.035558823529412,15.217,13.7915,14.583333333333334,9.561294117647058,8.0,16.0,100.0,,
HNSW_ef12,HNSW,0.033181709000928095,2.3749998945277184e-06,0.03313270900252974,0.6894855499267578,0.96,0.9375,0.8958333333333334,0.9708333333333332,0.6,0.5833333333333334,0,16.592029411764706,16.583,20.26435,16.34055882352941,17.587029411764707,16.0751,16.845458333333333,11.6875,12.0,16.0,100.0,,
HNSW_ef16,HNSW,0.033181709000928095,2.3749998945277184e-06,0.03313270900252974,0.6894855499267578,0.99,0.9666666666666668,0.9250000000000002,0.9958333333333332,0.6,0.8333333333333334,0,19.523235294117647,19.5835,23.279399999999995,19.236588235294118,20.09314705882353,19.0044,19.75529166666667,14.447323529411765,16.0,16.0,100.0,,
HNSW_ef24,HNSW,0.033181709000928095,2.3749998945277184e-06,0.03313270900252974,0.6894855499267578,1.0,0.9958333333333332,0.9874999999999999,1.0,0.9,0.9583333333333334,0,25.09435294117647,25.0,29.458,24.95591176470588,25.65070588235294,24.025,25.430541666666667,20.131117647058822,24.0,16.0,100.0,,
HNSW_ef32,HNSW,0.033181709000928095,2.3749998945277184e-06,0.03313270900252974,0.6894855499267578,1.0,1.0,1.0,1.0,1.0,1.0,0,30.70105882352941,30.792,35.751749999999994,30.476764705882353,32.00491176470588,29.6459,31.20658333333333,25.839470588235294,32.0,16.0,100.0,,
HNSW_ef64,HNSW,0.033181709000928095,2.3749998945277184e-06,0.03313270900252974,0.6894855499267578,1.0,1.0,1.0,1.0,1.0,1.0,0,54.78323529411765,54.208,62.35219999999999,54.28911764705882,55.57714705882353,54.30409999999999,54.711749999999995,49.593147058823526,64.0,16.0,100.0,,
HNSW_ef128,HNSW,0.033181709000928095,2.3749998945277184e-06,0.03313270900252974,0.6894855499267578,1.0,1.0,1.0,1.0,1.0,1.0,0,100.45470588235294,101.208,116.8081,100.24394117647059,108.19238235294118,100.8956,100.51379166666668,95.61517647058824,128.0,16.0,100.0,,
HNSW_ef256,HNSW,0.033181709000928095,2.3749998945277184e-06,0.03313270900252974,0.6894855499267578,1.0,1.0,1.0,1.0,1.0,1.0,0,195.68255882352943,195.14600000000002,203.625,195.11520588235294,195.84932352941178,195.95819999999998,195.41641666666666,190.3186176470588,256.0,16.0,100.0,,
IVF4_p1,IVF,0.0034629590008989908,0.003180833999067545,0.0002280000007885974,0.639185905456543,0.86,0.7749999999999999,0.6875,0.8624999999999999,0.4,0.375,0,22.350441176470586,22.6665,26.18135,22.203529411764706,22.953558823529413,21.7668,22.57275,15.783088235294118,,,,4.0,1.0
IVF4_p2,IVF,0.0034629590008989908,0.003180833999067545,0.0002280000007885974,0.639185905456543,0.96,0.9208333333333333,0.8457291666666666,0.9833333333333334,0.4,0.7916666666666666,0,34.73032352941176,34.291,38.8897,34.576058823529415,34.97179411764706,34.3959,34.78658333333333,27.99264705882353,,,,4.0,2.0
IVF4_p4,IVF,0.0034629590008989908,0.003180833999067545,0.0002280000007885974,0.639185905456543,1.0,1.0,1.0,1.0,1.0,1.0,0,60.067352941176466,59.666,66.85045,59.82232352941177,60.38,59.7332,60.36470833333333,53.14705882352941,,,,4.0,4.0
IVF8_p1,IVF,0.0038475000001199078,0.003554499999154359,0.0002358330020797439,0.645075798034668,0.8800000000000001,0.6749999999999999,0.5541666666666667,0.7916666666666666,0.1,0.2916666666666667,0,15.910529411764704,16.291,17.58335,15.574676470588235,16.08694117647059,15.2788,16.176916666666667,8.829676470588236,,,,8.0,1.0
IVF8_p2,IVF,0.0038475000001199078,0.003554499999154359,0.0002358330020797439,0.645075798034668,0.9400000000000001,0.9125,0.8708333333333332,0.9541666666666666,0.7,0.5,0,23.02070588235294,23.333,25.63935,22.965647058823528,23.224235294117648,22.2334,23.369708333333335,15.792882352941175,,,,8.0,2.0
IVF8_p4,IVF,0.0038475000001199078,0.003554499999154359,0.0002358330020797439,0.645075798034668,0.96,0.9708333333333332,0.9416666666666668,0.9958333333333332,0.8,0.8333333333333334,0,35.69976470588235,36.125,40.834,35.54408823529412,36.04902941176471,34.0333,36.37491666666667,28.404411764705884,,,,8.0,4.0
IVF8_p8,IVF,0.0038475000001199078,0.003554499999154359,0.0002358330020797439,0.645075798034668,1.0,1.0,1.0,1.0,1.0,1.0,0,59.685,59.25,66.375,59.54173529411765,60.20961764705882,59.533100000000005,59.942791666666665,52.61641176470589,,,,8.0,8.0
