query_id,split,DocRecall,MRR,Hit@1,unique_documents,label
D01,dev,1.0,1.0,1,9,Flat
D02,dev,1.0,1.0,1,10,Flat
D03,dev,1.0,1.0,1,8,Flat
D04,dev,1.0,1.0,1,6,Flat
D05,dev,1.0,1.0,1,8,Flat
D06,dev,1.0,0.5,0,10,Flat
D07,dev,1.0,1.0,1,5,Flat
D08,dev,1.0,0.5,0,8,Flat
D09,dev,1.0,1.0,1,8,Flat
D10,dev,0.5,1.0,1,10,Flat
Q01,test,1.0,1.0,1,3,Flat
Q02,test,0.0,0.0,0,8,Flat
Q03,test,1.0,1.0,1,8,Flat
Q04,test,1.0,0.16666666666666666,0,8,Flat
Q05,test,0.0,0.0,0,10,Flat
Q06,test,0.0,0.0,0,10,Flat
Q07,test,0.5,0.25,0,8,Flat
Q08,test,1.0,0.25,0,8,Flat
Q09,test,1.0,1.0,1,8,Flat
Q10,test,1.0,1.0,1,7,Flat
Q11,test,1.0,1.0,1,7,Flat
Q12,test,1.0,1.0,1,8,Flat
Q13,test,1.0,1.0,1,9,Flat
Q14,test,1.0,1.0,1,6,Flat
Q15,test,1.0,0.5,0,7,Flat
Q16,test,1.0,0.5,0,8,Flat
Q17,test,1.0,1.0,1,5,Flat
Q18,test,1.0,0.14285714285714285,0,9,Flat
Q19,test,1.0,1.0,1,8,Flat
Q20,test,1.0,1.0,1,9,Flat
Q21,test,1.0,0.3333333333333333,0,8,Flat
Q22,test,1.0,0.5,0,8,Flat
Q23,test,1.0,1.0,1,7,Flat
Q24,test,1.0,1.0,1,10,Flat
D01,dev,1.0,1.0,1,9,NumPy
D02,dev,1.0,1.0,1,10,NumPy
D03,dev,1.0,1.0,1,8,NumPy
D04,dev,1.0,1.0,1,6,NumPy
D05,dev,1.0,1.0,1,8,NumPy
D06,dev,1.0,0.5,0,10,NumPy
D07,dev,1.0,1.0,1,5,NumPy
D08,dev,1.0,0.5,0,8,NumPy
D09,dev,1.0,1.0,1,8,NumPy
D10,dev,0.5,1.0,1,10,NumPy
Q01,test,1.0,1.0,1,3,NumPy
Q02,test,0.0,0.0,0,8,NumPy
Q03,test,1.0,1.0,1,8,NumPy
Q04,test,1.0,0.16666666666666666,0,8,NumPy
Q05,test,0.0,0.0,0,10,NumPy
Q06,test,0.0,0.0,0,10,NumPy
Q07,test,0.5,0.25,0,8,NumPy
Q08,test,1.0,0.25,0,8,NumPy
Q09,test,1.0,1.0,1,8,NumPy
Q10,test,1.0,1.0,1,7,NumPy
Q11,test,1.0,1.0,1,7,NumPy
Q12,test,1.0,1.0,1,8,NumPy
Q13,test,1.0,1.0,1,9,NumPy
Q14,test,1.0,1.0,1,6,NumPy
Q15,test,1.0,0.5,0,7,NumPy
Q16,test,1.0,0.5,0,8,NumPy
Q17,test,1.0,1.0,1,5,NumPy
Q18,test,1.0,0.14285714285714285,0,9,NumPy
Q19,test,1.0,1.0,1,8,NumPy
Q20,test,1.0,1.0,1,9,NumPy
Q21,test,1.0,0.3333333333333333,0,8,NumPy
Q22,test,1.0,0.5,0,8,NumPy
Q23,test,1.0,1.0,1,7,NumPy
Q24,test,1.0,1.0,1,10,NumPy
D01,dev,0.0,0.0,0,9,HNSW_ef1
D02,dev,1.0,1.0,1,9,HNSW_ef1
D03,dev,1.0,1.0,1,7,HNSW_ef1
D04,dev,1.0,1.0,1,10,HNSW_ef1
D05,dev,1.0,1.0,1,7,HNSW_ef1
D06,dev,1.0,0.5,0,9,HNSW_ef1
D07,dev,1.0,1.0,1,6,HNSW_ef1
D08,dev,1.0,0.5,0,8,HNSW_ef1
D09,dev,1.0,1.0,1,9,HNSW_ef1
D10,dev,1.0,1.0,1,9,HNSW_ef1
Q01,test,1.0,1.0,1,3,HNSW_ef1
Q02,test,0.0,0.0,0,9,HNSW_ef1
Q03,test,1.0,1.0,1,7,HNSW_ef1
Q04,test,1.0,0.3333333333333333,0,7,HNSW_ef1
Q05,test,0.0,0.0,0,9,HNSW_ef1
Q06,test,0.0,0.0,0,10,HNSW_ef1
Q07,test,0.0,0.0,0,8,HNSW_ef1
Q08,test,1.0,0.5,0,7,HNSW_ef1
Q09,test,1.0,1.0,1,8,HNSW_ef1
Q10,test,1.0,1.0,1,7,HNSW_ef1
Q11,test,1.0,1.0,1,8,HNSW_ef1
Q12,test,1.0,1.0,1,8,HNSW_ef1
Q13,test,1.0,1.0,1,9,HNSW_ef1
Q14,test,1.0,1.0,1,8,HNSW_ef1
Q15,test,1.0,1.0,1,7,HNSW_ef1
Q16,test,1.0,0.5,0,7,HNSW_ef1
Q17,test,1.0,1.0,1,7,HNSW_ef1
Q18,test,0.0,0.0,0,8,HNSW_ef1
Q19,test,0.5,0.5,0,7,HNSW_ef1
Q20,test,1.0,1.0,1,10,HNSW_ef1
Q21,test,1.0,0.5,0,6,HNSW_ef1
Q22,test,1.0,1.0,1,9,HNSW_ef1
Q23,test,0.0,0.0,0,8,HNSW_ef1
Q24,test,1.0,1.0,1,9,HNSW_ef1
D01,dev,0.0,0.0,0,7,HNSW_ef2
D02,dev,1.0,1.0,1,10,HNSW_ef2
D03,dev,1.0,1.0,1,7,HNSW_ef2
D04,dev,1.0,1.0,1,6,HNSW_ef2
D05,dev,1.0,1.0,1,7,HNSW_ef2
D06,dev,1.0,0.5,0,9,HNSW_ef2
D07,dev,1.0,1.0,1,6,HNSW_ef2
D08,dev,1.0,0.5,0,8,HNSW_ef2
D09,dev,1.0,1.0,1,9,HNSW_ef2
D10,dev,1.0,1.0,1,10,HNSW_ef2
Q01,test,1.0,1.0,1,3,HNSW_ef2
Q02,test,0.0,0.0,0,8,HNSW_ef2
Q03,test,1.0,1.0,1,7,HNSW_ef2
Q04,test,1.0,0.3333333333333333,0,7,HNSW_ef2
Q05,test,0.0,0.0,0,9,HNSW_ef2
Q06,test,0.0,0.0,0,9,HNSW_ef2
Q07,test,0.5,0.25,0,8,HNSW_ef2
Q08,test,1.0,0.5,0,7,HNSW_ef2
Q09,test,1.0,1.0,1,7,HNSW_ef2
Q10,test,1.0,1.0,1,7,HNSW_ef2
Q11,test,1.0,1.0,1,7,HNSW_ef2
Q12,test,1.0,1.0,1,8,HNSW_ef2
Q13,test,1.0,1.0,1,9,HNSW_ef2
Q14,test,1.0,1.0,1,8,HNSW_ef2
Q15,test,1.0,0.5,0,7,HNSW_ef2
Q16,test,1.0,0.5,0,8,HNSW_ef2
Q17,test,1.0,1.0,1,7,HNSW_ef2
Q18,test,0.0,0.0,0,9,HNSW_ef2
Q19,test,0.5,0.5,0,6,HNSW_ef2
Q20,test,1.0,1.0,1,10,HNSW_ef2
Q21,test,1.0,0.5,0,9,HNSW_ef2
Q22,test,1.0,0.5,0,9,HNSW_ef2
Q23,test,1.0,1.0,1,8,HNSW_ef2
Q24,test,1.0,1.0,1,9,HNSW_ef2
D01,dev,1.0,1.0,1,10,HNSW_ef4
D02,dev,1.0,1.0,1,10,HNSW_ef4
D03,dev,1.0,1.0,1,8,HNSW_ef4
D04,dev,1.0,1.0,1,6,HNSW_ef4
D05,dev,1.0,1.0,1,7,HNSW_ef4
D06,dev,1.0,0.5,0,9,HNSW_ef4
D07,dev,1.0,1.0,1,5,HNSW_ef4
D08,dev,1.0,0.5,0,8,HNSW_ef4
D09,dev,1.0,1.0,1,8,HNSW_ef4
D10,dev,1.0,1.0,1,10,HNSW_ef4
Q01,test,1.0,1.0,1,3,HNSW_ef4
Q02,test,0.0,0.0,0,7,HNSW_ef4
Q03,test,1.0,1.0,1,7,HNSW_ef4
Q04,test,1.0,0.16666666666666666,0,8,HNSW_ef4
Q05,test,0.0,0.0,0,9,HNSW_ef4
Q06,test,0.0,0.0,0,8,HNSW_ef4
Q07,test,0.5,0.25,0,8,HNSW_ef4
Q08,test,1.0,0.25,0,8,HNSW_ef4
Q09,test,1.0,1.0,1,6,HNSW_ef4
Q10,test,1.0,1.0,1,7,HNSW_ef4
Q11,test,1.0,1.0,1,7,HNSW_ef4
Q12,test,1.0,1.0,1,8,HNSW_ef4
Q13,test,1.0,1.0,1,9,HNSW_ef4
Q14,test,1.0,1.0,1,7,HNSW_ef4
Q15,test,1.0,0.5,0,7,HNSW_ef4
Q16,test,1.0,0.5,0,8,HNSW_ef4
Q17,test,1.0,1.0,1,7,HNSW_ef4
Q18,test,0.0,0.0,0,9,HNSW_ef4
Q19,test,1.0,1.0,1,8,HNSW_ef4
Q20,test,1.0,1.0,1,9,HNSW_ef4
Q21,test,1.0,0.3333333333333333,0,8,HNSW_ef4
Q22,test,1.0,0.5,0,8,HNSW_ef4
Q23,test,1.0,1.0,1,7,HNSW_ef4
Q24,test,1.0,1.0,1,10,HNSW_ef4
D01,dev,1.0,1.0,1,9,HNSW_ef8
D02,dev,1.0,1.0,1,10,HNSW_ef8
D03,dev,1.0,1.0,1,8,HNSW_ef8
D04,dev,1.0,1.0,1,6,HNSW_ef8
D05,dev,1.0,1.0,1,8,HNSW_ef8
D06,dev,1.0,0.5,0,9,HNSW_ef8
D07,dev,1.0,1.0,1,5,HNSW_ef8
D08,dev,1.0,0.5,0,8,HNSW_ef8
D09,dev,1.0,1.0,1,8,HNSW_ef8
D10,dev,0.5,1.0,1,10,HNSW_ef8
Q01,test,1.0,1.0,1,3,HNSW_ef8
Q02,test,0.0,0.0,0,7,HNSW_ef8
Q03,test,1.0,1.0,1,8,HNSW_ef8
Q04,test,1.0,0.16666666666666666,0,8,HNSW_ef8
Q05,test,0.0,0.0,0,10,HNSW_ef8
Q06,test,0.0,0.0,0,8,HNSW_ef8
Q07,test,0.5,0.25,0,8,HNSW_ef8
Q08,test,1.0,0.25,0,8,HNSW_ef8
Q09,test,1.0,1.0,1,8,HNSW_ef8
Q10,test,1.0,1.0,1,7,HNSW_ef8
Q11,test,1.0,1.0,1,7,HNSW_ef8
Q12,test,1.0,1.0,1,8,HNSW_ef8
Q13,test,1.0,1.0,1,9,HNSW_ef8
Q14,test,1.0,1.0,1,6,HNSW_ef8
Q15,test,1.0,0.5,0,7,HNSW_ef8
Q16,test,1.0,0.5,0,8,HNSW_ef8
Q17,test,1.0,1.0,1,5,HNSW_ef8
Q18,test,1.0,0.16666666666666666,0,9,HNSW_ef8
Q19,test,1.0,1.0,1,8,HNSW_ef8
Q20,test,1.0,1.0,1,9,HNSW_ef8
Q21,test,1.0,0.3333333333333333,0,8,HNSW_ef8
Q22,test,1.0,0.5,0,8,HNSW_ef8
Q23,test,1.0,1.0,1,7,HNSW_ef8
Q24,test,1.0,1.0,1,10,HNSW_ef8
D01,dev,1.0,1.0,1,9,HNSW_ef12
D02,dev,1.0,1.0,1,10,HNSW_ef12
D03,dev,1.0,1.0,1,8,HNSW_ef12
D04,dev,1.0,1.0,1,6,HNSW_ef12
D05,dev,1.0,1.0,1,8,HNSW_ef12
D06,dev,1.0,0.5,0,10,HNSW_ef12
D07,dev,1.0,1.0,1,5,HNSW_ef12
D08,dev,1.0,0.5,0,8,HNSW_ef12
D09,dev,1.0,1.0,1,8,HNSW_ef12
D10,dev,0.5,1.0,1,10,HNSW_ef12
Q01,test,1.0,1.0,1,3,HNSW_ef12
Q02,test,0.0,0.0,0,7,HNSW_ef12
Q03,test,1.0,1.0,1,7,HNSW_ef12
Q04,test,1.0,0.16666666666666666,0,8,HNSW_ef12
Q05,test,0.0,0.0,0,10,HNSW_ef12
Q06,test,0.0,0.0,0,8,HNSW_ef12
Q07,test,0.5,0.25,0,8,HNSW_ef12
Q08,test,1.0,0.25,0,8,HNSW_ef12
Q09,test,1.0,1.0,1,8,HNSW_ef12
Q10,test,1.0,1.0,1,7,HNSW_ef12
Q11,test,1.0,1.0,1,7,HNSW_ef12
Q12,test,1.0,1.0,1,8,HNSW_ef12
Q13,test,1.0,1.0,1,9,HNSW_ef12
Q14,test,1.0,1.0,1,6,HNSW_ef12
Q15,test,1.0,0.5,0,7,HNSW_ef12
Q16,test,1.0,0.5,0,8,HNSW_ef12
Q17,test,1.0,1.0,1,5,HNSW_ef12
Q18,test,1.0,0.16666666666666666,0,9,HNSW_ef12
Q19,test,1.0,1.0,1,8,HNSW_ef12
Q20,test,1.0,1.0,1,9,HNSW_ef12
Q21,test,1.0,0.3333333333333333,0,8,HNSW_ef12
Q22,test,1.0,0.5,0,8,HNSW_ef12
Q23,test,1.0,1.0,1,7,HNSW_ef12
Q24,test,1.0,1.0,1,10,HNSW_ef12
D01,dev,1.0,1.0,1,9,HNSW_ef16
D02,dev,1.0,1.0,1,10,HNSW_ef16
D03,dev,1.0,1.0,1,8,HNSW_ef16
D04,dev,1.0,1.0,1,6,HNSW_ef16
D05,dev,1.0,1.0,1,8,HNSW_ef16
D06,dev,1.0,0.5,0,10,HNSW_ef16
D07,dev,1.0,1.0,1,5,HNSW_ef16
D08,dev,1.0,0.5,0,8,HNSW_ef16
D09,dev,1.0,1.0,1,8,HNSW_ef16
D10,dev,0.5,1.0,1,10,HNSW_ef16
Q01,test,1.0,1.0,1,3,HNSW_ef16
Q02,test,0.0,0.0,0,8,HNSW_ef16
Q03,test,1.0,1.0,1,8,HNSW_ef16
Q04,test,1.0,0.16666666666666666,0,8,HNSW_ef16
Q05,test,0.0,0.0,0,10,HNSW_ef16
Q06,test,0.0,0.0,0,8,HNSW_ef16
Q07,test,0.5,0.25,0,8,HNSW_ef16
Q08,test,1.0,0.25,0,8,HNSW_ef16
Q09,test,1.0,1.0,1,8,HNSW_ef16
Q10,test,1.0,1.0,1,7,HNSW_ef16
Q11,test,1.0,1.0,1,7,HNSW_ef16
Q12,test,1.0,1.0,1,8,HNSW_ef16
Q13,test,1.0,1.0,1,9,HNSW_ef16
Q14,test,1.0,1.0,1,6,HNSW_ef16
Q15,test,1.0,0.5,0,7,HNSW_ef16
Q16,test,1.0,0.5,0,8,HNSW_ef16
Q17,test,1.0,1.0,1,5,HNSW_ef16
Q18,test,1.0,0.16666666666666666,0,9,HNSW_ef16
Q19,test,1.0,1.0,1,8,HNSW_ef16
Q20,test,1.0,1.0,1,9,HNSW_ef16
Q21,test,1.0,0.3333333333333333,0,8,HNSW_ef16
Q22,test,1.0,0.5,0,8,HNSW_ef16
Q23,test,1.0,1.0,1,7,HNSW_ef16
Q24,test,1.0,1.0,1,10,HNSW_ef16
D01,dev,1.0,1.0,1,9,HNSW_ef24
D02,dev,1.0,1.0,1,10,HNSW_ef24
D03,dev,1.0,1.0,1,8,HNSW_ef24
D04,dev,1.0,1.0,1,6,HNSW_ef24
D05,dev,1.0,1.0,1,8,HNSW_ef24
D06,dev,1.0,0.5,0,10,HNSW_ef24
D07,dev,1.0,1.0,1,5,HNSW_ef24
D08,dev,1.0,0.5,0,8,HNSW_ef24
D09,dev,1.0,1.0,1,8,HNSW_ef24
D10,dev,0.5,1.0,1,10,HNSW_ef24
Q01,test,1.0,1.0,1,3,HNSW_ef24
Q02,test,0.0,0.0,0,8,HNSW_ef24
Q03,test,1.0,1.0,1,8,HNSW_ef24
Q04,test,1.0,0.16666666666666666,0,8,HNSW_ef24
Q05,test,0.0,0.0,0,10,HNSW_ef24
Q06,test,0.0,0.0,0,9,HNSW_ef24
Q07,test,0.5,0.25,0,8,HNSW_ef24
Q08,test,1.0,0.25,0,8,HNSW_ef24
Q09,test,1.0,1.0,1,8,HNSW_ef24
Q10,test,1.0,1.0,1,7,HNSW_ef24
Q11,test,1.0,1.0,1,7,HNSW_ef24
Q12,test,1.0,1.0,1,8,HNSW_ef24
Q13,test,1.0,1.0,1,9,HNSW_ef24
Q14,test,1.0,1.0,1,6,HNSW_ef24
Q15,test,1.0,0.5,0,7,HNSW_ef24
Q16,test,1.0,0.5,0,8,HNSW_ef24
Q17,test,1.0,1.0,1,5,HNSW_ef24
Q18,test,1.0,0.14285714285714285,0,9,HNSW_ef24
Q19,test,1.0,1.0,1,8,HNSW_ef24
Q20,test,1.0,1.0,1,9,HNSW_ef24
Q21,test,1.0,0.3333333333333333,0,8,HNSW_ef24
Q22,test,1.0,0.5,0,8,HNSW_ef24
Q23,test,1.0,1.0,1,7,HNSW_ef24
Q24,test,1.0,1.0,1,10,HNSW_ef24
D01,dev,1.0,1.0,1,9,HNSW_ef32
D02,dev,1.0,1.0,1,10,HNSW_ef32
D03,dev,1.0,1.0,1,8,HNSW_ef32
D04,dev,1.0,1.0,1,6,HNSW_ef32
D05,dev,1.0,1.0,1,8,HNSW_ef32
D06,dev,1.0,0.5,0,10,HNSW_ef32
D07,dev,1.0,1.0,1,5,HNSW_ef32
D08,dev,1.0,0.5,0,8,HNSW_ef32
D09,dev,1.0,1.0,1,8,HNSW_ef32
D10,dev,0.5,1.0,1,10,HNSW_ef32
Q01,test,1.0,1.0,1,3,HNSW_ef32
Q02,test,0.0,0.0,0,8,HNSW_ef32
Q03,test,1.0,1.0,1,8,HNSW_ef32
Q04,test,1.0,0.16666666666666666,0,8,HNSW_ef32
Q05,test,0.0,0.0,0,10,HNSW_ef32
Q06,test,0.0,0.0,0,10,HNSW_ef32
Q07,test,0.5,0.25,0,8,HNSW_ef32
Q08,test,1.0,0.25,0,8,HNSW_ef32
Q09,test,1.0,1.0,1,8,HNSW_ef32
Q10,test,1.0,1.0,1,7,HNSW_ef32
Q11,test,1.0,1.0,1,7,HNSW_ef32
Q12,test,1.0,1.0,1,8,HNSW_ef32
Q13,test,1.0,1.0,1,9,HNSW_ef32
Q14,test,1.0,1.0,1,6,HNSW_ef32
Q15,test,1.0,0.5,0,7,HNSW_ef32
Q16,test,1.0,0.5,0,8,HNSW_ef32
Q17,test,1.0,1.0,1,5,HNSW_ef32
Q18,test,1.0,0.14285714285714285,0,9,HNSW_ef32
Q19,test,1.0,1.0,1,8,HNSW_ef32
Q20,test,1.0,1.0,1,9,HNSW_ef32
Q21,test,1.0,0.3333333333333333,0,8,HNSW_ef32
Q22,test,1.0,0.5,0,8,HNSW_ef32
Q23,test,1.0,1.0,1,7,HNSW_ef32
Q24,test,1.0,1.0,1,10,HNSW_ef32
D01,dev,1.0,1.0,1,9,HNSW_ef64
D02,dev,1.0,1.0,1,10,HNSW_ef64
D03,dev,1.0,1.0,1,8,HNSW_ef64
D04,dev,1.0,1.0,1,6,HNSW_ef64
D05,dev,1.0,1.0,1,8,HNSW_ef64
D06,dev,1.0,0.5,0,10,HNSW_ef64
D07,dev,1.0,1.0,1,5,HNSW_ef64
D08,dev,1.0,0.5,0,8,HNSW_ef64
D09,dev,1.0,1.0,1,8,HNSW_ef64
D10,dev,0.5,1.0,1,10,HNSW_ef64
Q01,test,1.0,1.0,1,3,HNSW_ef64
Q02,test,0.0,0.0,0,8,HNSW_ef64
Q03,test,1.0,1.0,1,8,HNSW_ef64
Q04,test,1.0,0.16666666666666666,0,8,HNSW_ef64
Q05,test,0.0,0.0,0,10,HNSW_ef64
Q06,test,0.0,0.0,0,10,HNSW_ef64
Q07,test,0.5,0.25,0,8,HNSW_ef64
Q08,test,1.0,0.25,0,8,HNSW_ef64
Q09,test,1.0,1.0,1,8,HNSW_ef64
Q10,test,1.0,1.0,1,7,HNSW_ef64
Q11,test,1.0,1.0,1,7,HNSW_ef64
Q12,test,1.0,1.0,1,8,HNSW_ef64
Q13,test,1.0,1.0,1,9,HNSW_ef64
Q14,test,1.0,1.0,1,6,HNSW_ef64
Q15,test,1.0,0.5,0,7,HNSW_ef64
Q16,test,1.0,0.5,0,8,HNSW_ef64
Q17,test,1.0,1.0,1,5,HNSW_ef64
Q18,test,1.0,0.14285714285714285,0,9,HNSW_ef64
Q19,test,1.0,1.0,1,8,HNSW_ef64
Q20,test,1.0,1.0,1,9,HNSW_ef64
Q21,test,1.0,0.3333333333333333,0,8,HNSW_ef64
Q22,test,1.0,0.5,0,8,HNSW_ef64
Q23,test,1.0,1.0,1,7,HNSW_ef64
Q24,test,1.0,1.0,1,10,HNSW_ef64
D01,dev,1.0,1.0,1,9,HNSW_ef128
D02,dev,1.0,1.0,1,10,HNSW_ef128
D03,dev,1.0,1.0,1,8,HNSW_ef128
D04,dev,1.0,1.0,1,6,HNSW_ef128
D05,dev,1.0,1.0,1,8,HNSW_ef128
D06,dev,1.0,0.5,0,10,HNSW_ef128
D07,dev,1.0,1.0,1,5,HNSW_ef128
D08,dev,1.0,0.5,0,8,HNSW_ef128
D09,dev,1.0,1.0,1,8,HNSW_ef128
D10,dev,0.5,1.0,1,10,HNSW_ef128
Q01,test,1.0,1.0,1,3,HNSW_ef128
Q02,test,0.0,0.0,0,8,HNSW_ef128
Q03,test,1.0,1.0,1,8,HNSW_ef128
Q04,test,1.0,0.16666666666666666,0,8,HNSW_ef128
Q05,test,0.0,0.0,0,10,HNSW_ef128
Q06,test,0.0,0.0,0,10,HNSW_ef128
Q07,test,0.5,0.25,0,8,HNSW_ef128
Q08,test,1.0,0.25,0,8,HNSW_ef128
Q09,test,1.0,1.0,1,8,HNSW_ef128
Q10,test,1.0,1.0,1,7,HNSW_ef128
Q11,test,1.0,1.0,1,7,HNSW_ef128
Q12,test,1.0,1.0,1,8,HNSW_ef128
Q13,test,1.0,1.0,1,9,HNSW_ef128
Q14,test,1.0,1.0,1,6,HNSW_ef128
Q15,test,1.0,0.5,0,7,HNSW_ef128
Q16,test,1.0,0.5,0,8,HNSW_ef128
Q17,test,1.0,1.0,1,5,HNSW_ef128
Q18,test,1.0,0.14285714285714285,0,9,HNSW_ef128
Q19,test,1.0,1.0,1,8,HNSW_ef128
Q20,test,1.0,1.0,1,9,HNSW_ef128
Q21,test,1.0,0.3333333333333333,0,8,HNSW_ef128
Q22,test,1.0,0.5,0,8,HNSW_ef128
Q23,test,1.0,1.0,1,7,HNSW_ef128
Q24,test,1.0,1.0,1,10,HNSW_ef128
D01,dev,1.0,1.0,1,9,HNSW_ef256
D02,dev,1.0,1.0,1,10,HNSW_ef256
D03,dev,1.0,1.0,1,8,HNSW_ef256
D04,dev,1.0,1.0,1,6,HNSW_ef256
D05,dev,1.0,1.0,1,8,HNSW_ef256
D06,dev,1.0,0.5,0,10,HNSW_ef256
D07,dev,1.0,1.0,1,5,HNSW_ef256
D08,dev,1.0,0.5,0,8,HNSW_ef256
D09,dev,1.0,1.0,1,8,HNSW_ef256
D10,dev,0.5,1.0,1,10,HNSW_ef256
Q01,test,1.0,1.0,1,3,HNSW_ef256
Q02,test,0.0,0.0,0,8,HNSW_ef256
Q03,test,1.0,1.0,1,8,HNSW_ef256
Q04,test,1.0,0.16666666666666666,0,8,HNSW_ef256
Q05,test,0.0,0.0,0,10,HNSW_ef256
Q06,test,0.0,0.0,0,10,HNSW_ef256
Q07,test,0.5,0.25,0,8,HNSW_ef256
Q08,test,1.0,0.25,0,8,HNSW_ef256
Q09,test,1.0,1.0,1,8,HNSW_ef256
Q10,test,1.0,1.0,1,7,HNSW_ef256
Q11,test,1.0,1.0,1,7,HNSW_ef256
Q12,test,1.0,1.0,1,8,HNSW_ef256
Q13,test,1.0,1.0,1,9,HNSW_ef256
Q14,test,1.0,1.0,1,6,HNSW_ef256
Q15,test,1.0,0.5,0,7,HNSW_ef256
Q16,test,1.0,0.5,0,8,HNSW_ef256
Q17,test,1.0,1.0,1,5,HNSW_ef256
Q18,test,1.0,0.14285714285714285,0,9,HNSW_ef256
Q19,test,1.0,1.0,1,8,HNSW_ef256
Q20,test,1.0,1.0,1,9,HNSW_ef256
Q21,test,1.0,0.3333333333333333,0,8,HNSW_ef256
Q22,test,1.0,0.5,0,8,HNSW_ef256
Q23,test,1.0,1.0,1,7,HNSW_ef256
Q24,test,1.0,1.0,1,10,HNSW_ef256
D01,dev,0.0,0.0,0,7,IVF4_p1
D02,dev,1.0,1.0,1,10,IVF4_p1
D03,dev,1.0,1.0,1,8,IVF4_p1
D04,dev,1.0,1.0,1,6,IVF4_p1
D05,dev,1.0,1.0,1,8,IVF4_p1
D06,dev,1.0,0.5,0,10,IVF4_p1
D07,dev,0.0,0.0,0,8,IVF4_p1
D08,dev,1.0,0.5,0,8,IVF4_p1
D09,dev,1.0,1.0,1,8,IVF4_p1
D10,dev,0.5,1.0,1,10,IVF4_p1
Q01,test,1.0,1.0,1,3,IVF4_p1
Q02,test,0.0,0.0,0,6,IVF4_p1
Q03,test,0.0,0.0,0,9,IVF4_p1
Q04,test,0.0,0.0,0,7,IVF4_p1
Q05,test,0.0,0.0,0,9,IVF4_p1
Q06,test,0.0,0.0,0,9,IVF4_p1
Q07,test,0.5,0.25,0,8,IVF4_p1
Q08,test,1.0,0.25,0,8,IVF4_p1
Q09,test,1.0,1.0,1,7,IVF4_p1
Q10,test,1.0,1.0,1,7,IVF4_p1
Q11,test,1.0,1.0,1,8,IVF4_p1
Q12,test,1.0,1.0,1,8,IVF4_p1
Q13,test,1.0,1.0,1,9,IVF4_p1
Q14,test,1.0,1.0,1,6,IVF4_p1
Q15,test,1.0,1.0,1,8,IVF4_p1
Q16,test,0.0,0.0,0,8,IVF4_p1
Q17,test,1.0,1.0,1,5,IVF4_p1
Q18,test,0.0,0.0,0,9,IVF4_p1
Q19,test,1.0,1.0,1,8,IVF4_p1
Q20,test,1.0,1.0,1,9,IVF4_p1
Q21,test,1.0,0.3333333333333333,0,8,IVF4_p1
Q22,test,0.0,0.0,0,6,IVF4_p1
Q23,test,1.0,1.0,1,6,IVF4_p1
Q24,test,0.0,0.0,0,9,IVF4_p1
D01,dev,1.0,1.0,1,9,IVF4_p2
D02,dev,1.0,1.0,1,10,IVF4_p2
D03,dev,1.0,1.0,1,8,IVF4_p2
D04,dev,1.0,1.0,1,6,IVF4_p2
D05,dev,1.0,1.0,1,8,IVF4_p2
D06,dev,1.0,0.5,0,10,IVF4_p2
D07,dev,1.0,1.0,1,5,IVF4_p2
D08,dev,1.0,0.5,0,8,IVF4_p2
D09,dev,1.0,1.0,1,8,IVF4_p2
D10,dev,0.5,1.0,1,10,IVF4_p2
Q01,test,1.0,1.0,1,3,IVF4_p2
Q02,test,0.0,0.0,0,8,IVF4_p2
Q03,test,1.0,1.0,1,8,IVF4_p2
Q04,test,0.0,0.0,0,7,IVF4_p2
Q05,test,0.0,0.0,0,9,IVF4_p2
Q06,test,0.0,0.0,0,10,IVF4_p2
Q07,test,0.5,0.25,0,8,IVF4_p2
Q08,test,1.0,0.25,0,8,IVF4_p2
Q09,test,1.0,1.0,1,7,IVF4_p2
Q10,test,1.0,1.0,1,7,IVF4_p2
Q11,test,1.0,1.0,1,7,IVF4_p2
Q12,test,1.0,1.0,1,8,IVF4_p2
Q13,test,1.0,1.0,1,9,IVF4_p2
Q14,test,1.0,1.0,1,6,IVF4_p2
Q15,test,1.0,0.5,0,7,IVF4_p2
Q16,test,1.0,0.5,0,8,IVF4_p2
Q17,test,1.0,1.0,1,5,IVF4_p2
Q18,test,1.0,0.14285714285714285,0,9,IVF4_p2
Q19,test,1.0,1.0,1,8,IVF4_p2
Q20,test,1.0,1.0,1,9,IVF4_p2
Q21,test,1.0,0.3333333333333333,0,8,IVF4_p2
Q22,test,0.0,0.0,0,7,IVF4_p2
Q23,test,1.0,1.0,1,7,IVF4_p2
Q24,test,1.0,1.0,1,10,IVF4_p2
D01,dev,1.0,1.0,1,9,IVF4_p4
D02,dev,1.0,1.0,1,10,IVF4_p4
D03,dev,1.0,1.0,1,8,IVF4_p4
D04,dev,1.0,1.0,1,6,IVF4_p4
D05,dev,1.0,1.0,1,8,IVF4_p4
D06,dev,1.0,0.5,0,10,IVF4_p4
D07,dev,1.0,1.0,1,5,IVF4_p4
D08,dev,1.0,0.5,0,8,IVF4_p4
D09,dev,1.0,1.0,1,8,IVF4_p4
D10,dev,0.5,1.0,1,10,IVF4_p4
Q01,test,1.0,1.0,1,3,IVF4_p4
Q02,test,0.0,0.0,0,8,IVF4_p4
Q03,test,1.0,1.0,1,8,IVF4_p4
Q04,test,1.0,0.16666666666666666,0,8,IVF4_p4
Q05,test,0.0,0.0,0,10,IVF4_p4
Q06,test,0.0,0.0,0,10,IVF4_p4
Q07,test,0.5,0.25,0,8,IVF4_p4
Q08,test,1.0,0.25,0,8,IVF4_p4
Q09,test,1.0,1.0,1,8,IVF4_p4
Q10,test,1.0,1.0,1,7,IVF4_p4
Q11,test,1.0,1.0,1,7,IVF4_p4
Q12,test,1.0,1.0,1,8,IVF4_p4
Q13,test,1.0,1.0,1,9,IVF4_p4
Q14,test,1.0,1.0,1,6,IVF4_p4
Q15,test,1.0,0.5,0,7,IVF4_p4
Q16,test,1.0,0.5,0,8,IVF4_p4
Q17,test,1.0,1.0,1,5,IVF4_p4
Q18,test,1.0,0.14285714285714285,0,9,IVF4_p4
Q19,test,1.0,1.0,1,8,IVF4_p4
Q20,test,1.0,1.0,1,9,IVF4_p4
Q21,test,1.0,0.3333333333333333,0,8,IVF4_p4
Q22,test,1.0,0.5,0,8,IVF4_p4
Q23,test,1.0,1.0,1,7,IVF4_p4
Q24,test,1.0,1.0,1,10,IVF4_p4
D01,dev,1.0,1.0,1,10,IVF8_p1
D02,dev,1.0,1.0,1,10,IVF8_p1
D03,dev,1.0,1.0,1,8,IVF8_p1
D04,dev,1.0,1.0,1,6,IVF8_p1
D05,dev,1.0,1.0,1,8,IVF8_p1
D06,dev,1.0,0.5,0,10,IVF8_p1
D07,dev,1.0,1.0,1,4,IVF8_p1
D08,dev,1.0,0.5,0,8,IVF8_p1
D09,dev,1.0,1.0,1,6,IVF8_p1
D10,dev,0.5,1.0,1,10,IVF8_p1
Q01,test,1.0,1.0,1,3,IVF8_p1
Q02,test,0.0,0.0,0,7,IVF8_p1
Q03,test,0.0,0.0,0,9,IVF8_p1
Q04,test,0.0,0.0,0,8,IVF8_p1
Q05,test,0.0,0.0,0,9,IVF8_p1
Q06,test,0.0,0.0,0,9,IVF8_p1
Q07,test,0.5,0.25,0,9,IVF8_p1
Q08,test,1.0,0.25,0,8,IVF8_p1
Q09,test,1.0,1.0,1,6,IVF8_p1
Q10,test,1.0,1.0,1,7,IVF8_p1
Q11,test,1.0,1.0,1,8,IVF8_p1
Q12,test,1.0,1.0,1,7,IVF8_p1
Q13,test,1.0,1.0,1,8,IVF8_p1
Q14,test,1.0,1.0,1,6,IVF8_p1
Q15,test,0.0,0.0,0,10,IVF8_p1
Q16,test,1.0,0.5,0,8,IVF8_p1
Q17,test,1.0,1.0,1,5,IVF8_p1
Q18,test,1.0,0.2,0,8,IVF8_p1
Q19,test,0.0,0.0,0,6,IVF8_p1
Q20,test,1.0,1.0,1,9,IVF8_p1
Q21,test,1.0,0.3333333333333333,0,8,IVF8_p1
Q22,test,1.0,0.5,0,9,IVF8_p1
Q23,test,1.0,1.0,1,6,IVF8_p1
Q24,test,1.0,1.0,1,9,IVF8_p1
D01,dev,1.0,1.0,1,9,IVF8_p2
D02,dev,1.0,1.0,1,10,IVF8_p2
D03,dev,1.0,1.0,1,8,IVF8_p2
D04,dev,1.0,1.0,1,6,IVF8_p2
D05,dev,1.0,1.0,1,8,IVF8_p2
D06,dev,1.0,0.5,0,10,IVF8_p2
D07,dev,1.0,1.0,1,4,IVF8_p2
D08,dev,1.0,0.5,0,8,IVF8_p2
D09,dev,1.0,1.0,1,8,IVF8_p2
D10,dev,0.5,1.0,1,10,IVF8_p2
Q01,test,1.0,1.0,1,3,IVF8_p2
Q02,test,0.0,0.0,0,7,IVF8_p2
Q03,test,1.0,1.0,1,8,IVF8_p2
Q04,test,1.0,0.16666666666666666,0,8,IVF8_p2
Q05,test,0.0,0.0,0,9,IVF8_p2
Q06,test,0.0,0.0,0,9,IVF8_p2
Q07,test,0.5,0.25,0,8,IVF8_p2
Q08,test,1.0,0.25,0,8,IVF8_p2
Q09,test,1.0,1.0,1,8,IVF8_p2
Q10,test,1.0,1.0,1,7,IVF8_p2
Q11,test,1.0,1.0,1,7,IVF8_p2
Q12,test,1.0,1.0,1,8,IVF8_p2
Q13,test,1.0,1.0,1,9,IVF8_p2
Q14,test,1.0,1.0,1,6,IVF8_p2
Q15,test,0.0,0.0,0,8,IVF8_p2
Q16,test,1.0,0.5,0,8,IVF8_p2
Q17,test,1.0,1.0,1,5,IVF8_p2
Q18,test,1.0,0.14285714285714285,0,9,IVF8_p2
Q19,test,1.0,1.0,1,8,IVF8_p2
Q20,test,1.0,1.0,1,9,IVF8_p2
Q21,test,1.0,0.3333333333333333,0,8,IVF8_p2
Q22,test,1.0,0.5,0,8,IVF8_p2
Q23,test,1.0,1.0,1,7,IVF8_p2
Q24,test,1.0,1.0,1,10,IVF8_p2
D01,dev,1.0,1.0,1,9,IVF8_p4
D02,dev,1.0,1.0,1,10,IVF8_p4
D03,dev,1.0,1.0,1,8,IVF8_p4
D04,dev,1.0,1.0,1,6,IVF8_p4
D05,dev,1.0,1.0,1,8,IVF8_p4
D06,dev,1.0,0.5,0,10,IVF8_p4
D07,dev,1.0,1.0,1,5,IVF8_p4
D08,dev,1.0,0.5,0,8,IVF8_p4
D09,dev,1.0,1.0,1,8,IVF8_p4
D10,dev,0.5,1.0,1,10,IVF8_p4
Q01,test,1.0,1.0,1,3,IVF8_p4
Q02,test,0.0,0.0,0,8,IVF8_p4
Q03,test,1.0,1.0,1,8,IVF8_p4
Q04,test,1.0,0.16666666666666666,0,8,IVF8_p4
Q05,test,0.0,0.0,0,9,IVF8_p4
Q06,test,0.0,0.0,0,10,IVF8_p4
Q07,test,0.5,0.25,0,8,IVF8_p4
Q08,test,1.0,0.25,0,8,IVF8_p4
Q09,test,1.0,1.0,1,8,IVF8_p4
Q10,test,1.0,1.0,1,7,IVF8_p4
Q11,test,1.0,1.0,1,7,IVF8_p4
Q12,test,1.0,1.0,1,8,IVF8_p4
Q13,test,1.0,1.0,1,9,IVF8_p4
Q14,test,1.0,1.0,1,6,IVF8_p4
Q15,test,1.0,0.5,0,7,IVF8_p4
Q16,test,1.0,0.5,0,8,IVF8_p4
Q17,test,1.0,1.0,1,5,IVF8_p4
Q18,test,1.0,0.14285714285714285,0,9,IVF8_p4
Q19,test,1.0,1.0,1,8,IVF8_p4
Q20,test,1.0,1.0,1,9,IVF8_p4
Q21,test,1.0,0.3333333333333333,0,8,IVF8_p4
Q22,test,1.0,0.5,0,8,IVF8_p4
Q23,test,1.0,1.0,1,7,IVF8_p4
Q24,test,1.0,1.0,1,10,IVF8_p4
D01,dev,1.0,1.0,1,9,IVF8_p8
D02,dev,1.0,1.0,1,10,IVF8_p8
D03,dev,1.0,1.0,1,8,IVF8_p8
D04,dev,1.0,1.0,1,6,IVF8_p8
D05,dev,1.0,1.0,1,8,IVF8_p8
D06,dev,1.0,0.5,0,10,IVF8_p8
D07,dev,1.0,1.0,1,5,IVF8_p8
D08,dev,1.0,0.5,0,8,IVF8_p8
D09,dev,1.0,1.0,1,8,IVF8_p8
D10,dev,0.5,1.0,1,10,IVF8_p8
Q01,test,1.0,1.0,1,3,IVF8_p8
Q02,test,0.0,0.0,0,8,IVF8_p8
Q03,test,1.0,1.0,1,8,IVF8_p8
Q04,test,1.0,0.16666666666666666,0,8,IVF8_p8
Q05,test,0.0,0.0,0,10,IVF8_p8
Q06,test,0.0,0.0,0,10,IVF8_p8
Q07,test,0.5,0.25,0,8,IVF8_p8
Q08,test,1.0,0.25,0,8,IVF8_p8
Q09,test,1.0,1.0,1,8,IVF8_p8
Q10,test,1.0,1.0,1,7,IVF8_p8
Q11,test,1.0,1.0,1,7,IVF8_p8
Q12,test,1.0,1.0,1,8,IVF8_p8
Q13,test,1.0,1.0,1,9,IVF8_p8
Q14,test,1.0,1.0,1,6,IVF8_p8
Q15,test,1.0,0.5,0,7,IVF8_p8
Q16,test,1.0,0.5,0,8,IVF8_p8
Q17,test,1.0,1.0,1,5,IVF8_p8
Q18,test,1.0,0.14285714285714285,0,9,IVF8_p8
Q19,test,1.0,1.0,1,8,IVF8_p8
Q20,test,1.0,1.0,1,9,IVF8_p8
Q21,test,1.0,0.3333333333333333,0,8,IVF8_p8
Q22,test,1.0,0.5,0,8,IVF8_p8
Q23,test,1.0,1.0,1,7,IVF8_p8
Q24,test,1.0,1.0,1,10,IVF8_p8
