label,split,DocRecall,MRR,Hit@1,unique_documents
Flat,dev,0.95,0.9,0.8,8.2
Flat,test,0.8541666666666666,0.6517857142857143,0.5416666666666666,7.791666666666667
HNSW_ef1,dev,0.9,0.8,0.7,8.3
HNSW_ef1,test,0.7291666666666666,0.638888888888889,0.5416666666666666,7.75
HNSW_ef12,dev,0.95,0.9,0.8,8.2
HNSW_ef12,test,0.8541666666666666,0.6527777777777778,0.5416666666666666,7.625
HNSW_ef128,dev,0.95,0.9,0.8,8.2
HNSW_ef128,test,0.8541666666666666,0.6517857142857143,0.5416666666666666,7.791666666666667
HNSW_ef16,dev,0.95,0.9,0.8,8.2
HNSW_ef16,test,0.8541666666666666,0.6527777777777778,0.5416666666666666,7.708333333333333
HNSW_ef2,dev,0.9,0.8,0.7,7.9
HNSW_ef2,test,0.7916666666666666,0.6493055555555556,0.5,7.75
HNSW_ef24,dev,0.95,0.9,0.8,8.2
HNSW_ef24,test,0.8541666666666666,0.6517857142857143,0.5416666666666666,7.75
HNSW_ef256,dev,0.95,0.9,0.8,8.2
HNSW_ef256,test,0.8541666666666666,0.6517857142857143,0.5416666666666666,7.791666666666667
HNSW_ef32,dev,0.95,0.9,0.8,8.2
HNSW_ef32,test,0.8541666666666666,0.6517857142857143,0.5416666666666666,7.791666666666667
HNSW_ef4,dev,1.0,0.9,0.8,8.1
HNSW_ef4,test,0.8125,0.6458333333333334,0.5416666666666666,7.625
HNSW_ef64,dev,0.95,0.9,0.8,8.2
HNSW_ef64,test,0.8541666666666666,0.6517857142857143,0.5416666666666666,7.791666666666667
HNSW_ef8,dev,0.95,0.9,0.8,8.1
HNSW_ef8,test,0.8541666666666666,0.6527777777777778,0.5416666666666666,7.666666666666667
IVF4_p1,dev,0.75,0.7,0.6,8.3
IVF4_p1,test,0.6041666666666666,0.5347222222222222,0.5,7.5
IVF4_p2,dev,0.95,0.9,0.8,8.2
IVF4_p2,test,0.7708333333333334,0.6240079365079365,0.5416666666666666,7.625
IVF4_p4,dev,0.95,0.9,0.8,8.2
IVF4_p4,test,0.8541666666666666,0.6517857142857143,0.5416666666666666,7.791666666666667
IVF8_p1,dev,0.95,0.9,0.8,8.0
IVF8_p1,test,0.6875,0.5430555555555555,0.4583333333333333,7.583333333333333
IVF8_p2,dev,0.95,0.9,0.8,8.1
IVF8_p2,test,0.8125,0.6309523809523809,0.5416666666666666,7.708333333333333
IVF8_p4,dev,0.95,0.9,0.8,8.2
IVF8_p4,test,0.8541666666666666,0.6517857142857143,0.5416666666666666,7.75
IVF8_p8,dev,0.95,0.9,0.8,8.2
IVF8_p8,test,0.8541666666666666,0.6517857142857143,0.5416666666666666,7.791666666666667
NumPy,dev,0.95,0.9,0.8,8.2
NumPy,test,0.8541666666666666,0.6517857142857143,0.5416666666666666,7.791666666666667
