N,collection,family,policy,build_s,train_s,add_s,index_MiB,dev_recall,test_recall,test_ci_low,test_ci_high,test_min_recall,test_fraction_ge_target,missing_slots,search_us,p50_us,p95_us,round_low_us,round_high_us,dev_us,test_us,batch_us_per_query,M,efConstruction,efSearch,nlist,nprobe,speedup,break_even_queries,quality_ok
100,real,Flat,tuned,6.974999996600673e-05,2.333999873371795e-06,2.6041998353321105e-05,0.14652729034423828,1.0,1.0,1.0,1.0,1.0,1.0,0,18.006235294117648,17.75,18.654049999999998,17.88858823529412,18.28914705882353,18.1542,17.961916666666667,9.727941176470589,,,,,,1.0,0.0,True
100,real,HNSW,tuned,0.003673540999443503,1.5000005078036338e-06,0.0036173339976812713,0.16062355041503906,0.9700000000000001,0.9666666666666668,0.9416666666666668,0.9875000000000002,0.8,0.7083333333333334,0,11.92764705882353,11.9375,13.25,11.767088235294118,12.463264705882352,11.6333,11.986041666666667,7.508558823529412,16.0,100.0,12.0,,,1.498569516625241,604.0,True
100,real,HNSW,fixed,0.003673540999443503,1.5000005078036338e-06,0.0036173339976812713,0.16062355041503906,0.9700000000000001,0.9666666666666668,0.9416666666666668,0.9875000000000002,0.8,0.7083333333333334,0,11.93258823529412,11.875,13.098349999999998,11.747558823529411,12.306382352941178,11.6916,11.973916666666668,7.382352941176471,16.0,100.0,12.0,,,1.5000869946480893,602.0,True
100,real,IVF,tuned,0.0009505410016572569,0.0008348340015800204,5.879099990124814e-05,0.15032482147216797,1.0,1.0,1.0,1.0,1.0,1.0,0,20.600411764705882,20.167,24.639799999999944,20.165441176470587,21.45344117647059,20.8874,20.326333333333334,14.05635294117647,,,,2.0,2.0,0.8836771675494842,inf,True
250,real,Flat,tuned,6.895799742778763e-05,2.0419975044205785e-06,3.670899968710728e-05,0.3662538528442383,1.0,1.0,1.0,1.0,1.0,1.0,0,35.875,35.5835,42.09374999999998,35.66676470588236,37.06370588235294,35.9581,35.922000000000004,23.816176470588236,,,,,,1.0,0.0,True
250,real,HNSW,tuned,0.015961125001922483,1.3749995559919626e-06,0.015895625001576263,0.4008045196533203,0.96,0.9041666666666667,0.8583333333333334,0.9458333333333333,0.7,0.4583333333333333,0,13.791705882352941,13.625,15.502399999999996,13.679,14.160558823529412,13.3542,13.951291666666668,8.849264705882353,16.0,100.0,8.0,,,2.5748153546117294,724.0,False
250,real,HNSW,fixed,0.015961125001922483,1.3749995559919626e-06,0.015895625001576263,0.4008045196533203,0.99,0.9541666666666666,0.9207291666666666,0.9833333333333334,0.7,0.7083333333333334,0,15.797735294117649,15.708,17.584,15.659294117647061,16.142235294117647,15.3085,16.052,10.99385294117647,16.0,100.0,12.0,,,2.2378519810615503,800.0,True
250,real,IVF,tuned,0.0021190000006754417,0.0019219169989810325,0.00014004100012243725,0.37414073944091797,0.9800000000000001,0.9125,0.8583333333333334,0.9624999999999999,0.5,0.5833333333333334,0,24.371352941176468,22.9375,29.654399999999995,24.02573529411765,24.834588235294117,22.6583,25.083375,17.54535294117647,,,,4.0,2.0,1.4321039333821706,190.0,False
430,real,Flat,tuned,9.47499975154642e-05,2.5839981390163302e-06,5.3750001825392246e-05,0.6299257278442383,1.0,1.0,1.0,1.0,1.0,1.0,0,57.082,56.896,63.70229999999999,56.9339705882353,57.77582352941176,57.00840000000001,57.451375000000006,40.845588235294116,,,,,,1.0,0.0,True
430,real,HNSW,tuned,0.03319395799917402,1.2499986041802913e-06,0.033128167000541,0.6894855499267578,0.96,0.9375,0.8958333333333334,0.9708333333333332,0.6,0.5833333333333334,0,16.453382352941176,16.541,19.72335,16.379882352941177,17.23520588235294,15.9792,16.68583333333333,11.840676470588235,16.0,100.0,12.0,,,3.4431229086550474,812.0,False
430,real,HNSW,fixed,0.03319395799917402,1.2499986041802913e-06,0.033128167000541,0.6894855499267578,0.96,0.9375,0.8958333333333334,0.9708333333333332,0.6,0.5833333333333334,0,16.58935294117647,16.583,19.5,16.40429411764706,17.21791176470588,15.995500000000002,16.768958333333334,11.803911764705884,16.0,100.0,12.0,,,3.426055086904126,814.0,False
430,real,IVF,tuned,0.0038239159985096194,0.00353170800008229,0.0002362910017836839,0.645075798034668,0.96,0.9708333333333332,0.9416666666666668,0.9958333333333332,0.8,0.8333333333333334,0,36.296470588235294,36.292,43.84835,35.70335294117647,36.77935294117647,34.8498,36.690875,28.477941176470587,,,,8.0,4.0,1.565821883506458,180.0,True
2000,synthetic,Flat,tuned,0.00021800000104121864,2.4170003598555923e-06,0.00017862500317278318,2.9297304153442383,1.0,1.0,1.0,1.0,1.0,1.0,0,237.25235294117647,234.125,248.50229999999996,234.15076470588235,238.96308823529412,236.5208,236.80204166666667,189.59314705882355,,,,,,1.0,0.0,True
2000,synthetic,HNSW,tuned,0.1966002090011898,1.333999534836039e-06,0.19654562499999884,3.2050724029541016,0.97,0.8416666666666668,0.7333333333333334,0.9292708333333337,0.1,0.4583333333333333,0,15.731676470588233,15.3125,19.642099999999996,15.442323529411764,16.177558823529413,14.6791,16.192833333333333,10.778176470588235,16.0,100.0,8.0,,,14.623879391088652,891.0,False
2000,synthetic,HNSW,fixed,0.1966002090011898,1.333999534836039e-06,0.19654562499999884,3.2050724029541016,0.97,0.9666666666666667,0.9249999999999999,0.9916666666666667,0.6,0.7916666666666666,0,18.329735294117647,17.9165,23.542,18.05623529411765,19.154441176470588,16.6248,19.10954166666667,13.526970588235294,16.0,100.0,12.0,,,12.391822148185133,903.0,True
2000,synthetic,IVF,tuned,0.13650070799849345,0.1295498340004997,0.006893582998600323,2.9921979904174805,0.9800000000000001,0.9333333333333332,0.8708333333333332,0.9833333333333334,0.4,0.75,0,47.73288235294118,47.3335,60.82039999999999,47.39585294117647,48.404411764705884,46.2875,48.21883333333333,40.10908823529412,,,,32.0,4.0,4.910986543985234,723.0,False
10000,synthetic,Flat,tuned,0.0013653749992954545,2.4170003598555923e-06,0.0013290829992911313,14.648480415344238,1.0,1.0,1.0,1.0,1.0,1.0,0,1180.141,1168.8955,1248.3380499999994,1173.5219705882355,1183.6348235294117,1182.4877000000001,1178.2499583333333,990.2046764705883,,,,,,1.0,0.0,True
10000,synthetic,HNSW,tuned,1.0888514589969418,1.5420009731315076e-06,1.088786333999451,16.02361488342285,0.95,0.7875,0.6457291666666667,0.9208333333333334,0.0,0.625,0,18.704558823529414,16.916,32.126749999999994,18.360264705882354,19.54164705882353,18.0083,18.900916666666667,13.366411764705884,16.0,100.0,12.0,,,62.33824417686973,939.0,False
10000,synthetic,HNSW,fixed,1.0888514589969418,1.5420009731315076e-06,1.088786333999451,16.02361488342285,0.95,0.7875,0.6457291666666667,0.9208333333333334,0.0,0.625,0,18.623882352941177,16.979,32.375,18.291705882352943,18.963117647058823,18.5874,18.777833333333334,13.372558823529411,16.0,100.0,12.0,,,62.74685355960485,938.0,False
10000,synthetic,IVF,tuned,1.3693536259997927,1.3008640419975563,0.0674652910020086,14.81910228729248,1.0,0.8958333333333334,0.7666666666666666,0.9916666666666667,0.0,0.7916666666666666,0,108.48526470588234,105.667,152.74594999999997,107.19726470588235,111.02817647058824,100.725,111.72054166666668,99.26470588235294,,,,64.0,4.0,10.546403917811293,1283.0,False
50000,synthetic,Flat,tuned,0.0075319999996281695,2.791999577311799e-06,0.0074267920026613865,73.24223041534424,1.0,1.0,1.0,1.0,1.0,1.0,0,5728.729176470589,5722.875,5809.5498,5725.859176470588,5743.161852941176,5729.975100000001,5729.335,4949.667911764706,,,,,,1.0,0.0,True
50000,synthetic,HNSW,tuned,7.877970003999508,2.082997525576502e-06,7.877893754000979,80.12261390686035,0.7300000000000001,0.6958333333333334,0.6041666666666666,0.7833333333333333,0.2,0.125,0,6177.702176470589,6209.8330000000005,6762.7771999999995,6146.079647058823,6275.546617647058,6009.4376,6234.460041666666,6160.964470588235,16.0,100.0,2048.0,,,0.9189785421206051,inf,False
50000,synthetic,HNSW,fixed,7.877970003999508,2.082997525576502e-06,7.877893754000979,80.12261390686035,0.62,0.3541666666666667,0.22916666666666666,0.4791666666666667,0.0,0.041666666666666664,0,20.88235294117647,20.979,29.543749999999996,20.666588235294117,22.259764705882354,21.4374,20.765625,14.776941176470588,16.0,100.0,12.0,,,275.90477050413847,1379.0,False
50000,synthetic,IVF,tuned,5.772738294999726,5.103487251999468,0.6668275830015773,73.81226634979248,0.96,0.9958333333333332,0.9874999999999999,1.0,0.9,0.9583333333333334,0,309.3309411764706,309.25,448.63564999999994,298.64329411764703,338.5625,290.50010000000003,317.177125,294.8320882352941,,,,128.0,4.0,18.063518924954,1066.0,True
