N,family,parameter,dev_recall,test_recall
100,HNSW,1,0.53,0.5291666666666667
100,HNSW,2,0.63,0.6791666666666666
100,HNSW,4,0.8099999999999999,0.7583333333333334
100,HNSW,8,0.9199999999999999,0.9249999999999999
100,HNSW,12,0.9700000000000001,0.9666666666666668
100,HNSW,16,0.9800000000000001,0.9833333333333334
100,HNSW,24,1.0,0.9916666666666667
100,HNSW,32,1.0,0.9916666666666667
100,HNSW,64,1.0,1.0
100,HNSW,128,1.0,1.0
100,HNSW,256,1.0,1.0
100,HNSW,512,1.0,1.0
100,HNSW,1024,1.0,1.0
100,HNSW,2048,1.0,1.0
100,IVF,1,0.82,0.8250000000000001
100,IVF,2,1.0,1.0
250,HNSW,1,0.58,0.4916666666666667
250,HNSW,2,0.6200000000000001,0.6625
250,HNSW,4,0.8400000000000001,0.8083333333333332
250,HNSW,8,0.96,0.9041666666666667
250,HNSW,12,0.99,0.9541666666666666
250,HNSW,16,0.99,0.9666666666666667
250,HNSW,24,0.99,0.9958333333333332
250,HNSW,32,1.0,1.0
250,HNSW,64,1.0,1.0
250,HNSW,128,1.0,1.0
250,HNSW,256,1.0,1.0
250,HNSW,512,1.0,1.0
250,HNSW,1024,1.0,1.0
250,HNSW,2048,1.0,1.0
250,IVF,1,0.8300000000000001,0.725
250,IVF,2,0.9800000000000001,0.9125
250,IVF,4,1.0,1.0
430,HNSW,1,0.5700000000000001,0.5
430,HNSW,2,0.7,0.6708333333333334
430,HNSW,4,0.8400000000000001,0.7958333333333334
430,HNSW,8,0.93,0.9
430,HNSW,12,0.96,0.9375
430,HNSW,16,0.99,0.9666666666666668
430,HNSW,24,1.0,0.9958333333333332
430,HNSW,32,1.0,1.0
430,HNSW,64,1.0,1.0
430,HNSW,128,1.0,1.0
430,HNSW,256,1.0,1.0
430,HNSW,512,1.0,1.0
430,HNSW,1024,1.0,1.0
430,HNSW,2048,1.0,1.0
430,IVF,1,0.8800000000000001,0.6749999999999999
430,IVF,2,0.9400000000000001,0.9125
430,IVF,4,0.96,0.9708333333333332
430,IVF,8,1.0,1.0
2000,HNSW,1,0.74,0.5375
2000,HNSW,2,0.78,0.6625
2000,HNSW,4,0.8699999999999999,0.7416666666666666
2000,HNSW,8,0.97,0.8416666666666668
2000,HNSW,12,0.97,0.9666666666666667
2000,HNSW,16,1.0,0.9708333333333333
2000,HNSW,24,1.0,0.9708333333333333
2000,HNSW,32,1.0,0.975
2000,HNSW,64,1.0,1.0
2000,HNSW,128,1.0,1.0
2000,HNSW,256,1.0,1.0
2000,HNSW,512,1.0,1.0
2000,HNSW,1024,1.0,1.0
2000,HNSW,2048,1.0,1.0
2000,IVF,1,0.78,0.6666666666666666
2000,IVF,2,0.9399999999999998,0.8041666666666667
2000,IVF,4,0.9800000000000001,0.9333333333333332
2000,IVF,8,1.0,0.975
2000,IVF,16,1.0,1.0
2000,IVF,32,1.0,1.0
10000,HNSW,1,0.72,0.575
10000,HNSW,2,0.74,0.6458333333333334
10000,HNSW,4,0.75,0.6458333333333334
10000,HNSW,8,0.85,0.7333333333333333
10000,HNSW,12,0.95,0.7875
10000,HNSW,16,1.0,0.8125
10000,HNSW,24,1.0,0.8624999999999999
10000,HNSW,32,1.0,0.8833333333333333
10000,HNSW,64,1.0,0.9458333333333333
10000,HNSW,128,1.0,0.9916666666666667
10000,HNSW,256,1.0,1.0
10000,HNSW,512,1.0,1.0
10000,HNSW,1024,1.0,1.0
10000,HNSW,2048,1.0,1.0
10000,IVF,1,0.77,0.625
10000,IVF,2,0.9400000000000001,0.8041666666666666
10000,IVF,4,1.0,0.8958333333333334
10000,IVF,8,1.0,0.9916666666666667
10000,IVF,16,1.0,1.0
10000,IVF,32,1.0,1.0
10000,IVF,64,1.0,1.0
50000,HNSW,1,0.32999999999999996,0.15
50000,HNSW,2,0.44000000000000006,0.20833333333333334
50000,HNSW,4,0.5,0.24583333333333332
50000,HNSW,8,0.58,0.3208333333333333
50000,HNSW,12,0.62,0.3541666666666667
50000,HNSW,16,0.6399999999999999,0.3541666666666667
50000,HNSW,24,0.67,0.3833333333333333
50000,HNSW,32,0.67,0.38749999999999996
50000,HNSW,64,0.67,0.5
50000,HNSW,128,0.6900000000000001,0.5833333333333334
50000,HNSW,256,0.7300000000000001,0.6625
50000,HNSW,512,0.7300000000000001,0.6833333333333332
50000,HNSW,1024,0.7300000000000001,0.6958333333333334
50000,HNSW,2048,0.7300000000000001,0.6958333333333334
50000,IVF,1,0.76,0.7416666666666667
50000,IVF,2,0.8400000000000001,0.9125
50000,IVF,4,0.96,0.9958333333333332
50000,IVF,8,1.0,1.0
50000,IVF,16,1.0,1.0
50000,IVF,32,1.0,1.0
50000,IVF,64,1.0,1.0
50000,IVF,128,1.0,1.0
