repeat,build_s,train_s,add_s,N,family
0,0.0001000420015770942,3.2079988159239292e-06,6.558400127687491e-05,100,Flat
1,6.974999996600673e-05,2.291999408043921e-06,2.6041998353321105e-05,100,Flat
2,5.266700100037269e-05,2.333999873371795e-06,2.308300099684857e-05,100,Flat
0,0.0036782499992114026,1.7080019460991025e-06,0.0036173339976812713,100,HNSW
1,0.003657458000816405,1.0830008250195533e-06,0.003601791999244597,100,HNSW
2,0.003673540999443503,1.5000005078036338e-06,0.003621999996539671,100,HNSW
0,0.0009790840013010893,0.0008393750031245872,6.066700007067993e-05,100,IVF
1,0.0009505410016572569,0.0008348340015800204,5.879099990124814e-05,100,IVF
2,0.0009393340005772188,0.0008299170003738254,5.850000161444768e-05,100,IVF
0,7.425000148941763e-05,2.6669986255001277e-06,3.7500001781154424e-05,250,Flat
1,6.883400055812672e-05,1.8749997252598405e-06,3.670899968710728e-05,250,Flat
2,6.895799742778763e-05,2.0419975044205785e-06,3.295799979241565e-05,250,Flat
0,0.01593904099718202,1.45800004247576e-06,0.01588449999690056,250,HNSW
1,0.015982208999048453,1.2079981388524175e-06,0.01592608400096651,250,HNSW
2,0.015961125001922483,1.3749995559919626e-06,0.015895625001576263,250,HNSW
0,0.0021190000006754417,0.0019219169989810325,0.00014712499978486449,250,IVF
1,0.0021231249993434176,0.0019286669994471595,0.0001386660005664453,250,IVF
2,0.002112500002112938,0.0019204590025765356,0.00014004100012243725,250,IVF
0,7.900000127847306e-05,2.5839981390163302e-06,5.533300281967968e-05,430,Flat
1,9.89580003079027e-05,2.749999111983925e-06,5.3750001825392246e-05,430,Flat
2,9.47499975154642e-05,2.2080021153669804e-06,5.274999784887768e-05,430,Flat
0,0.03319395799917402,1.7499987734481692e-06,0.033128167000541,430,HNSW
1,0.033032457999070175,1.2499986041802913e-06,0.03297379099967657,430,HNSW
2,0.033722916999977315,1.2499986041802913e-06,0.0336673330020858,430,HNSW
0,0.003858541000226978,0.0035699999971257057,0.0002362910017836839,430,IVF
1,0.0038239159985096194,0.00353170800008229,0.0002357499979552813,430,IVF
2,0.003818249999312684,0.0035260000004200265,0.00024162499903468415,430,IVF
0,0.00020558400137815624,2.4170003598555923e-06,0.00017262500114156865,2000,Flat
1,0.00021800000104121864,2.58299769484438e-06,0.00017862500317278318,2000,Flat
2,0.0002471250008966308,2.1669984562322497e-06,0.00020420800137799233,2000,Flat
0,0.20177816700015683,1.5000005078036338e-06,0.2017165830002341,2000,HNSW
1,0.19508529200174962,1.2920027074869722e-06,0.19502537500011385,2000,HNSW
2,0.1966002090011898,1.333999534836039e-06,0.19654562499999884,2000,HNSW
0,0.13671591700040153,0.12979129100131104,0.00686870899880887,2000,IVF
1,0.13617066599908867,0.12919137499920907,0.00691170799836982,2000,IVF
2,0.13650070799849345,0.1295498340004997,0.006893582998600323,2000,IVF
0,0.0013653749992954545,2.6669986255001277e-06,0.0013290829992911313,10000,Flat
1,0.0015437920010299422,2.4170003598555923e-06,0.001496332999522565,10000,Flat
2,0.0010552499988989439,2.4170003598555923e-06,0.0010184579987253528,10000,Flat
0,1.0852041670004837,1.6660014807712287e-06,1.085138291997282,10000,HNSW
1,1.0888514589969418,1.4590004866477102e-06,1.088786333999451,10000,HNSW
2,1.0928366250009276,1.5420009731315076e-06,1.0927676249993965,10000,HNSW
0,1.3643646670025191,1.2968275009989156,0.0674652910020086,10000,IVF
1,1.3701544179966731,1.3032110839994857,0.06685887499770615,10000,IVF
2,1.3693536259997927,1.3008640419975563,0.06840616699992097,10000,IVF
0,0.0074573750025592744,2.4999972083605826e-06,0.0074267920026613865,50000,Flat
1,0.008392792002268834,3.291999746579677e-06,0.007990583002538187,50000,Flat
2,0.0075319999996281695,2.791999577311799e-06,0.007311582998227095,50000,Flat
0,7.877970003999508,1.6669982869643718e-06,7.877893754000979,50000,HNSW
1,7.949609503000829,2.082997525576502e-06,7.949318045000837,50000,HNSW
2,7.86449375400116,2.3329994291998446e-06,7.864181337001355,50000,HNSW
0,5.7766169610004,5.106484793999698,0.6700754590019642,50000,IVF
1,5.750524544000655,5.081402335999883,0.6668275830015773,50000,IVF
2,5.772738294999726,5.103487251999468,0.6668252509989543,50000,IVF
