split,model,strategy,MRR@5,Recall@5,nDCG@5,Hit@1
dev,BGE,fixed,0.9,0.95,0.8875006699908374,0.8
dev,BGE,paragraphs,0.9,0.95,0.8875006699908374,0.8
dev,MiniLM,fixed,0.7283333333333333,0.95,0.7481327100793038,0.6
dev,MiniLM,paragraphs,0.6733333333333333,0.95,0.7068433103525644,0.5
dev,MultiQA,fixed,0.62,0.75,0.6181580296291103,0.5
dev,MultiQA,paragraphs,0.595,0.75,0.5981327100793038,0.5
dev,TF-IDF,fixed,0.6033333333333333,0.75,0.6174701062723483,0.5
dev,TF-IDF,paragraphs,0.6033333333333333,0.75,0.6201571472526778,0.5
test,BGE,fixed,0.638888888888889,0.7708333333333334,0.6669689471045227,0.5416666666666666
test,BGE,paragraphs,0.6958333333333333,0.7708333333333334,0.7064702462816744,0.625
test,MiniLM,fixed,0.6159722222222223,0.6875,0.6164997218499354,0.5416666666666666
test,MiniLM,paragraphs,0.7465277777777778,0.8125,0.7422799443871765,0.6666666666666666
test,MultiQA,fixed,0.6388888888888888,0.7916666666666666,0.6515957518498895,0.5416666666666666
test,MultiQA,paragraphs,0.6472222222222223,0.8125,0.6747439309268759,0.5416666666666666
test,TF-IDF,fixed,0.5430555555555555,0.6458333333333334,0.5386610774190707,0.4583333333333333
test,TF-IDF,paragraphs,0.5381944444444444,0.6458333333333334,0.5395395073390693,0.4583333333333333
